"ManufacturerName","DriverCount","Drivers"
"_TYST11_7hfcudw5","2","climate_sensor, motion_sensor"
"_TYST11_i5j6ifxj","2","climate_sensor, motion_sensor"
"_TYZB01_1xktopx6","2","climate_sensor, switch_1gang"
"_TYZB01_4mdqxxnn","2","climate_sensor, switch_1gang"
"_TYZB01_4qw4rl1u","2","climate_sensor, switch_1gang"
"_tyzb01_4tlksk8a","2","switch_1gang, valve_irrigation"
"_TYZB01_5nr7ncpl","2","climate_sensor, switch_1gang"
"_TYZB01_7yidyqxd","2","climate_sensor, switch_1gang"
"_TYZB01_821siati","2","climate_sensor, switch_1gang"
"_TYZB01_aneiicmq","2","climate_sensor, switch_1gang"
"_TYZB01_cbiezpds","2","lcdtemphumidsensor, switch_1gang"
"_tyzb01_digziiav","2","switch_1gang, switch_2gang"
"_TYZB01_dl7cejts","2","motion_sensor, switch_1gang"
"_TYZB01_dr6sduka","2","motion_sensor, switch_1gang"
"_TYZB01_ftdkanlj","2","lcdtemphumidsensor, switch_1gang"
"_TYZB01_hlla45kx","2","climate_sensor, switch_1gang"
"_TYZB01_ijihzffk","2","climate_sensor, switch_1gang"
"_TYZB01_iuepbmpv","2","lcdtemphumidsensor, switch_1gang"
"_TYZB01_jytabjkb","2","motion_sensor, switch_1gang"
"_TYZB01_kvwjujy9","2","lcdtemphumidsensor, switch_1gang"
"_TYZB01_m6ec2pgj","2","climate_sensor, switch_1gang"
"_TYZB01_mtunwanm","2","climate_sensor, switch_1gang"
"_TYZB01_ncutbjdi","2","climate_sensor, switch_1gang"
"_TYZB01_qezuin6k","2","dimmer_wall_1gang, switch_1gang"
"_TYZB01_qm6djpta","2","button_wireless_4, switch_1gang"
"_TYZB01_rifa0wlb","2","climate_sensor, switch_1gang"
"_TYZB01_sbpc1zrb","2","climate_sensor, switch_1gang"
"_TYZB01_sqmd19i1","2","switch_1gang, water_leak_sensor"
"_TYZB01_ttvdudvx","2","climate_sensor, switch_1gang"
"_TYZB01_u9kkqh5o","2","climate_sensor, switch_1gang"
"_TYZB01_uqkphoed","2","climate_sensor, switch_1gang"
"_TYZB01_v8gtiaed","2","dimmer_dual_channel, switch_1gang"
"_TYZB01_vwqnz1sn","2","motion_sensor, switch_1gang"
"_TYZB01_wqcac7lo","2","smoke_detector_advanced, switch_1gang"
"_TYZB01_xph99wvr","2","contact_sensor, switch_1gang"
"_tyzb01_ymcdbl3u","2","switch_1gang, valve_irrigation"
"_TYZB01_yr95mpib","2","climate_sensor, switch_1gang"
"_TYZB01_z2umiwvq","2","climate_sensor, switch_1gang"
"_TYZB01_zqvwka4k","2","climate_sensor, switch_1gang"
"_tyzb01_zsl6z0pw","2","switch_1gang, switch_2gang"
"_TYZB02_keyjqthh","2","button_wireless_1, switch_1gang"
"_TZ1800_akzvkzqq","2","climate_sensor, plug_smart"
"_tz1800_ejwkn2h2","2","climate_sensor, contact_sensor"
"_TZ1800_fcdjzz3s","2","climate_sensor, motion_sensor"
"_TZ1800_ho6i0zk9","2","climate_sensor, plug_smart"
"_tz3000_00mk2xzy","2","climate_sensor, plug_smart"
"_tz3000_01gpyda5","2","climate_sensor, switch_2gang"
"_TZ3000_0ausfos0","2","climate_sensor, switch_1gang"
"_TZ3000_0HT8DNXJ","2","air_quality_comprehensive, climate_sensor"
"_tz3000_0s9gukzt","2","climate_sensor, water_leak_sensor"
"_TZ3000_0zfrhq4i","2","climate_sensor, plug_energy_monitor"
"_TZ3000_11PG3IMA","2","button_wireless_4, climate_sensor"
"_TZ3000_18EJXNO0","2","climate_sensor, switch_2gang"
"_TZ3000_18EJXRZK","2","climate_sensor, switch_1gang"
"_TZ3000_1BWPJVLZ","2","climate_sensor, contact_sensor"
"_tz3000_1dd0d5yi","2","climate_sensor, curtain_motor"
"_TZ3000_1h2x4akh","3","climate_sensor, din_rail_switch, plug_energy_monitor"
"_TZ3000_1obmmd8k","2","climate_sensor, switch_1gang"
"_TZ3000_1obwwnmq","2","climate_sensor, motion_sensor"
"_tz3000_266azbg3","2","climate_sensor, plug_smart"
"_tz3000_2ac","2","climate_sensor, switch_1gang"
"_tz3000_2dlwlvex","2","climate_sensor, contact_sensor"
"_tz3000_2jxgpoqh","2","climate_sensor, switch_1gang"
"_TZ3000_2mbfxlzr","2","climate_sensor, contact_sensor"
"_TZ3000_2mccw9py","2","climate_sensor, switch_1gang"
"_tz3000_2xlvlnvp","2","climate_sensor, plug_smart"
"_TZ3000_3ias4w4o","2","climate_sensor, plug_smart"
"_TZ3000_3ooaz3ng","2","climate_sensor, plug_energy_monitor"
"_tz3000_3towulqd","2","climate_sensor, motion_sensor"
"_TZ3000_3uimvkn6","2","climate_sensor, plug_smart"
"_tz3000_3wkqni6o","2","climate_sensor, switch_1gang"
"_TZ3000_3zofvcaa","2","climate_sensor, plug_energy_monitor"
"_TZ3000_41ki5xyq","2","climate_sensor, switch_1gang"
"_TZ3000_46t1rvdu","2","climate_sensor, module_mini_switch"
"_TZ3000_49qchf10","4","bulb_tunable_white, bulb_white, climate_sensor, dimmer_wall_1gang"
"_TZ3000_4fjiwweb","4","button_wireless_1, button_wireless_4, climate_sensor, switch_1gang"
"_TZ3000_4js9lo5d","2","climate_sensor, switch_1gang"
"_TZ3000_4qaowtdo","2","climate_sensor, water_leak_sensor"
"_TZ3000_4uf3d0ax","2","climate_sensor, switch_1gang"
"_TZ3000_4UX0ONDB","2","climate_sensor, plug_energy_monitor"
"_TZ3000_4whigl8i","2","climate_sensor, switch_1gang"
"_tz3000_4zf0crgo","2","climate_sensor, switch_2gang"
"_tz3000_56bdyj21","2","climate_sensor, switch_1gang"
"_TZ3000_5BPEDA8U","3","button_wireless_1, button_wireless_4, climate_sensor"
"_TZ3000_5CT6E7YE","2","climate_sensor, plug_energy_monitor"
"_TZ3000_5e5ptb24","2","climate_sensor, switch_1gang"
"_TZ3000_5f43h46b","3","climate_sensor, din_rail_switch, plug_energy_monitor"
"_tz3000_5f43h46r","2","climate_sensor, plug_smart"
"_tz3000_5iixzdo7","2","climate_sensor, curtain_motor"
"_tz3000_5ity3zyu","2","climate_sensor, switch_1gang"
"_TZ3000_5k5vh43t","2","climate_sensor, water_leak_sensor"
"_TZ3000_5nrcorgu","2","climate_sensor, switch_1gang"
"_TZ3000_5TQXPINE","2","button_wireless_4, climate_sensor"
"_tz3000_5vujyute","2","climate_sensor, switch_1gang"
"_TZ3000_6axxqqi2","2","climate_sensor, switch_1gang"
"_TZ3000_6eyydfyg","2","climate_sensor, switch_1gang"
"_tz3000_6jeesvrt","2","climate_sensor, contact_sensor"
"_tz3000_6oabgtzv","2","climate_sensor, switch_1gang"
"_tz3000_6s5dc9lx","2","climate_sensor, plug_energy_monitor"
"_TZ3000_6ZVW8HAM","2","bulb_rgb, climate_sensor"
"_TZ3000_74hsp7qy","2","climate_sensor, curtain_motor"
"_tz3000_7d8yme6f","2","climate_sensor, contact_sensor"
"_TZ3000_7dcddnye","3","bulb_dimmable, bulb_rgb, climate_sensor"
"_TZ3000_7ed9cqgi","2","climate_sensor, dimmer_wall_1gang"
"_TZ3000_7hcgjxpc","2","climate_sensor, curtain_motor"
"_TZ3000_7jsk6lxz","2","climate_sensor, switch_1gang"
"_tz3000_7tbsruql","2","climate_sensor, contact_sensor"
"_TZ3000_7ysdnebc","3","climate_sensor, dimmer_wall_1gang, led_controller_dimmable"
"_TZ3000_87654321","2","climate_sensor, switch_1gang"
"_TZ3000_8bxrzyxz","4","climate_sensor, pool_pump, power_meter, presence_sensor_radar"
"_tz3000_8h7wgocw","2","climate_sensor, curtain_motor"
"_tz3000_8nkb7mof","2","climate_sensor, plug_energy_monitor"
"_TZ3000_8rppvwda","2","climate_sensor, switch_1gang"
"_TZ3000_8yhypbo7","2","climate_sensor, contact_sensor"
"_tz3000_92chsky7","2","climate_sensor, dimmer_dual_channel"
"_tz3000_92qd4sqa","2","climate_sensor, plug_energy_monitor"
"_TZ3000_996rpfy6","2","climate_sensor, contact_sensor"
"_TZ3000_9CPUACA6","3","bulb_dimmable, bulb_tunable_white, climate_sensor"
"_TZ3000_9djocypn","2","climate_sensor, switch_1gang"
"_tz3000_9eeavbk5","2","climate_sensor, contact_sensor"
"_TZ3000_9evm3otq","3","bulb_dimmable, climate_sensor, switch_1gang"
"_tz3000_9hpxg80k","2","climate_sensor, plug_smart"
"_TZ3000_A4XYCPRS","2","button_wireless_4, climate_sensor"
"_tz3000_abaplimj","2","climate_sensor, rain_sensor"
"_tz3000_abc123","2","climate_sensor, switch_1gang"
"_TZ3000_ABCI1HIU","2","button_wireless_4, climate_sensor"
"_TZ3000_ABJODZAS","2","rain_sensor, water_leak_sensor"
"_TZ3000_ABRSVSOU","3","button_wireless_1, button_wireless_4, climate_sensor"
"_TZ3000_aezbqpcu","2","climate_sensor, switch_1gang"
"_TZ3000_ajkq2isy","2","climate_sensor, switch_1gang"
"_tz3000_amal63is","2","climate_sensor, switch_1gang"
"_tz3000_amdymr71","2","climate_sensor, switch_1gang"
"_tz3000_amdymr7l","3","climate_sensor, contact_sensor, plug_energy_monitor"
"_tz3000_amis43tj","2","climate_sensor, switch_1gang"
"_TZ3000_AN5RJIWD","2","button_wireless_1, climate_sensor"
"_TZ3000_ARFWFGRE","2","button_wireless_1, climate_sensor"
"_tz3000_arw23zcs","2","climate_sensor, switch_1gang"
"_TZ3000_au1rjicn","2","climate_sensor, contact_sensor"
"_TZ3000_awvmkayh","2","motion_sensor, rain_sensor"
"_TZ3000_AXPDXQGU","2","button_wireless_1, climate_sensor"
"_tz3000_b28wrpvx","2","climate_sensor, plug_energy_monitor"
"_TZ3000_B3MGFU0D","2","button_wireless_4, climate_sensor"
"_TZ3000_B4AWZGCT","2","button_wireless_1, climate_sensor"
"_tz3000_b7bxojrg","2","climate_sensor, switch_1gang"
"_tz3000_bb6xaihh","2","climate_sensor, switch_1gang"
"_tz3000_bep7ccew","2","climate_sensor, plug_energy_monitor"
"_TZ3000_bfn1w0mm","2","climate_sensor, plug_energy_monitor"
"_TZ3000_bfopm9ga","2","climate_sensor, water_leak_sensor"
"_TZ3000_bi6lpsew","3","button_wireless_6, scene_switch_6, switch_2gang"
"_tz3000_bmg14ax2","2","climate_sensor, contact_sensor"
"_tz3000_bppxj3sf","2","climate_sensor, switch_1gang"
"_tz3000_br3laukf","2","climate_sensor, contact_sensor"
"_TZ3000_bs93npae","2","climate_sensor, curtain_motor"
"_tz3000_bsvqrk3b","2","climate_sensor, motion_sensor"
"_TZ3000_BSVQRUX3","2","button_wireless_1, climate_sensor"
"_TZ3000_bvrlqyj7","2","climate_sensor, switch_2gang"
"_TZ3000_bwlvyjwk","2","climate_sensor, contact_sensor"
"_TZ3000_bzczr4e1","2","climate_sensor, switch_1gang"
"_TZ3000_bzt33cyu","2","climate_sensor, water_leak_sensor"
"_tz3000_bzxloft","2","climate_sensor, contact_sensor"
"_tz3000_bzxlofth","2","climate_sensor, contact_sensor"
"_tz3000_c7nc9w3c","2","climate_sensor, switch_1gang"
"_TZ3000_c8ozah8n","2","climate_sensor, motion_sensor"
"_tz3000_cayepv1a","4","climate_sensor, din_rail_switch, smart_breaker, switch_4gang"
"_tz3000_cdamjqm9","2","climate_sensor, switch_1gang"
"_TZ3000_cea5xugq","2","climate_sensor, contact_sensor"
"_tz3000_cehuw1lw","2","climate_sensor, usb_outlet_advanced"
"_tz3000_cicwjqth","2","climate_sensor, plug_smart"
"_TZ3000_cipibmnp","2","climate_sensor, switch_1gang"
"_TZ3000_cjfmu5he","2","climate_sensor, contact_sensor"
"_TZ3000_cjrngdr3","2","climate_sensor, contact_sensor"
"_TZ3000_cphmq0q7","3","fan_controller, plug_energy_monitor, plug_smart"
"_TZ3000_CSFLGQJ2","2","button_wireless_1, climate_sensor"
"_TZ3000_ctbafvhm","2","climate_sensor, curtain_motor"
"_TZ3000_cymsnfvf","2","climate_sensor, module_mini_switch"
"_TZ3000_CZUYT8LZ","2","button_wireless_4, climate_sensor"
"_TZ3000_d16y6col","2","climate_sensor, switch_1gang"
"_TZ3000_DBOU1AP4","2","bulb_dimmable, climate_sensor"
"_TZ3000_DECXRTWA","2","contact_sensor, motion_sensor"
"_TZ3000_DFGBTUB0","4","button_wireless_2, climate_sensor, scene_switch_2, switch_wireless"
"_TZ3000_dksbtrzs","2","climate_sensor, plug_smart"
"_TZ3000_DKU2CFSC","2","button_wireless_1, climate_sensor"
"_tz3000_do6txrcw","2","climate_sensor, contact_sensor"
"_tz3000_dpo1ysak","2","climate_sensor, plug_energy_monitor"
"_TZ3000_DZIAICT4","2","button_wireless_4, climate_sensor"
"_tz3000_e3vhyirx","2","climate_sensor, curtain_motor"
"_TZ3000_e8cquwdk","2","climate_sensor, switch_1gang"
"_TZ3000_e98krvvk","2","climate_sensor, switch_1gang"
"_TZ3000_eafaa66e","2","climate_sensor, contact_sensor"
"_TZ3000_eaj2e3tm","2","climate_sensor, lock_smart"
"_TZ3000_EBAR5P3Z","2","button_wireless_1, climate_sensor"
"_tz3000_ebar6ljy","2","climate_sensor, contact_sensor"
"_TZ3000_EE8NRT2L","2","button_wireless_4, climate_sensor"
"_TZ3000_eg7awg6a","2","climate_sensor, curtain_motor"
"_TZ3000_ejwkn2h2","2","climate_sensor, switch_1gang"
"_TZ3000_el5kt5im","2","button_emergency_sos, climate_sensor"
"_tz3000_ena8vgqb","2","climate_sensor, switch_1gang"
"_TZ3000_eo3dttwe","2","button_emergency_sos, climate_sensor"
"_TZ3000_ET7AFZXZ","2","button_wireless_4, climate_sensor"
"_TZ3000_etx8inrk","2","climate_sensor, switch_1gang"
"_tz3000_ew31dmgx","2","climate_sensor, switch_1gang"
"_tz3000_ew3ldmgx","2","climate_sensor, plug_energy_monitor"
"_TZ3000_eyzb8yg3","2","climate_sensor, switch_1gang"
"_TZ3000_f1bapcit","2","climate_sensor, switch_1gang"
"_TZ3000_f8tmviy0","2","climate_sensor, switch_1gang"
"_TZ3000_F97VQ5MN","2","button_wireless_1, climate_sensor"
"_tz3000_fa9mlvja","3","climate_sensor, contact_sensor, motion_sensor"
"_TZ3000_FAMKXCI2","2","button_wireless_3, switch_1gang"
"_tz3000_fccpjz5z","2","climate_sensor, curtain_motor"
"_TZ3000_femsaaua","2","climate_sensor, curtain_motor"
"_TZ3000_femsaiy7","2","climate_sensor, lock_smart"
"_TZ3000_fjgwfl3z","2","climate_sensor, dimmer_wall_1gang"
"_tz3000_fjt5218m","2","climate_sensor, switch_1gang"
"_TZ3000_FKP5ZYHO","2","button_wireless_1, climate_sensor"
"_TZ3000_FQ1SXFRJ","2","button_wireless_2, climate_sensor"
"_tz3000_fqoynhku","2","climate_sensor, plug_energy_monitor"
"_tz3000_fvh3pjaz","2","climate_sensor, dimmer_wall_1gang"
"_tz3000_g","2","climate_sensor, switch_1gang"
"_tz3000_g1pzicmq","2","climate_sensor, plug_smart"
"_TZ3000_G5XAWFCQ","2","plug_energy_monitor, plug_smart"
"_tz3000_gbm10jnj","3","climate_sensor, scene_switch_2, switch_1gang"
"_tz3000_gdkes7es","2","climate_sensor, lock_smart"
"_tz3000_gek6snaj","2","climate_sensor, led_strip"
"_tz3000_ghi789","2","climate_sensor, switch_1gang"
"_TZ3000_gidy6sjs","2","climate_sensor, switch_1gang"
"_TZ3000_gjnozsaz","3","button_emergency_sos, plug_energy_monitor, switch_plug_1"
"_tz3000_gnjozsaz","2","climate_sensor, plug_energy_monitor"
"_tz3000_gntwytxo","2","climate_sensor, contact_sensor"
"_TZ3000_gvn91tmx","2","climate_sensor, plug_energy_monitor"
"_TZ3000_GWKZIBHS","2","button_wireless_1, climate_sensor"
"_TZ3000_gznh2xla","2","climate_sensor, plug_energy_monitor"
"_tz3000_h1c2eamp","2","climate_sensor, switch_1gang"
"_TZ3000_h1jnz6l8","2","climate_sensor, switch_1gang"
"_TZ3000_h4wnrtck","2","climate_sensor, motion_sensor"
"_tz3000_hafsqare","2","climate_sensor, switch_1gang"
"_TZ3000_HDC8BBHA","2","climate_sensor, din_rail_switch"
"_tz3000_hdlpifbk","2","climate_sensor, switch_1gang"
"_TZ3000_hdopuwv6","2","climate_sensor, plug_energy_monitor"
"_TZ3000_helyqdvs","2","climate_sensor, plug_energy_monitor"
"_TZ3000_hgu1dlak","2","climate_sensor, contact_sensor"
"_TZ3000_hhiodade","2","climate_sensor, smoke_detector_advanced"
"_TZ3000_HKCPBLRS","2","climate_sensor, contact_sensor"
"_tz3000_hkkkuk7k","2","climate_sensor, switch_1gang"
"_TZ3000_hlwm8e96","2","climate_sensor, switch_1gang"
"_tz3000_ho0cjoi2","2","climate_sensor, switch_1gang"
"_TZ3000_HY6NCVMW","2","climate_sensor, motion_sensor"
"_TZ3000_i3rjdrwu","2","climate_sensor, switch_1gang"
"_tz3000_i8jfiezr","2","climate_sensor, switch_1gang"
"_tz3000_iaxvag8w","2","climate_sensor, switch_1gang"
"_TZ3000_ISZEGWPD","2","climate_sensor, scene_switch_6"
"_TZ3000_it1hm1cr","2","climate_sensor, switch_1gang"
"_TZ3000_IXLA93VD","3","button_wireless_1, climate_sensor, switch_wireless"
"_TZ3000_IY2C3N6P","2","button_wireless_3, climate_sensor"
"_TZ3000_j1v25l17","2","climate_sensor, plug_smart"
"_TZ3000_j1xl73iw","2","climate_sensor, curtain_motor"
"_tz3000_j2w1dw29","2","climate_sensor, contact_sensor"
"_TZ3000_J61X9RXN","2","button_wireless_4, climate_sensor"
"_TZ3000_j9568h44","2","climate_sensor, switch_1gang"
"_TZ3000_JA5OSU5G","3","button_wireless_1, button_wireless_4, climate_sensor"
"_TZ3000_jckxip3g","2","climate_sensor, scene_switch_4"
"_TZ3000_jcspr0tp","2","climate_sensor, switch_2gang"
"_TZ3000_JI4ARAAR","3","climate_sensor, din_rail_switch, smart_breaker"
"_tz3000_jmrgyl7o","2","climate_sensor, motion_sensor"
"_TZ3000_jqge2fjx","2","climate_sensor, contact_sensor"
"_tz3000_jrpdaujd","2","climate_sensor, switch_1gang"
"_tz3000_jwv3cwak","2","climate_sensor, curtain_motor"
"_TZ3000_k1msavlx","2","climate_sensor, rain_sensor"
"_tz3000_k4ej3ww2","2","climate_sensor, water_leak_sensor"
"_tz3000_k6fvknrr","2","climate_sensor, plug_energy_monitor"
"_TZ3000_kdi2o9m6","3","climate_sensor, dimmer_wall_1gang, plug_smart"
"_TZ3000_KDPXJU99","2","bulb_rgb, climate_sensor"
"_TZ3000_KE_X0OO3","2","button_wireless_1, climate_sensor"
"_tz3000_keayt8ol","2","climate_sensor, contact_sensor"
"_TZ3000_KFU8ZAPD","2","button_wireless_4, climate_sensor"
"_TZ3000_kgxej1dv","2","climate_sensor, switch_2gang"
"_tz3000_KJ0NWDZ6","2","climate_sensor, switch_1gang"
"_TZ3000_KJFZUYCL","2","button_wireless_4, climate_sensor"
"_TZ3000_kqvb5akv","2","climate_sensor, gas_sensor"
"_TZ3000_kstbkt6a","2","climate_sensor, water_leak_sensor"
"_tz3000_ksw8qtmt","2","climate_sensor, plug_energy_monitor"
"_TZ3000_ktuoyvt5","2","climate_sensor, dimmer_wall_1gang"
"_tz3000_kx0pris5","2","climate_sensor, plug_energy_monitor"
"_TZ3000_ky0fq4ho","2","climate_sensor, presence_sensor_radar"
"_TZ3000_l6iqph4f","2","climate_sensor, curtain_motor"
"_tz3000_lbtpiody","2","climate_sensor, switch_1gang"
"_TZ3000_lepzuhto","2","climate_sensor, plug_energy_monitor"
"_tz3000_lf56vpxj","2","motion_sensor, vibration_sensor"
"_tz3000_lfa05ajd","2","climate_sensor, switch_1gang"
"_TZ3000_llfaquvp","2","climate_sensor, switch_1gang"
"_tz3000_lltemgsf","2","climate_sensor, motion_sensor"
"_tz3000_lrgccsxm","2","climate_sensor, switch_1gang"
"_tz3000_ltt60asa","2","climate_sensor, gas_sensor"
"_tz3000_LUGASWF8","2","climate_sensor, smoke_detector_advanced"
"_TZ3000_lupfd8zu","2","climate_sensor, switch_1gang"
"_TZ3000_LVHY15IX","2","climate_sensor, switch_3gang"
"_TZ3000_lwlhprgx","2","climate_sensor, switch_1gang"
"_tz3000_lxw3zcdk","2","climate_sensor, switch_1gang"
"_tz3000_majwnphg","2","climate_sensor, switch_1gang"
"_TZ3000_mg4dy6z6","2","climate_sensor, motion_sensor"
"_TZ3000_MH9PX7CQ","2","button_wireless_4, climate_sensor"
"_tz3000_mklgayek","2","climate_sensor, switch_2gang"
"_tz3000_mmtwjmaq","2","climate_sensor, motion_sensor"
"_TZ3000_mraovvmm","3","climate_sensor, plug_energy_monitor, switch_wall_5gang"
"_tz3000_mrqea2uu","2","climate_sensor, switch_2gang"
"_TZ3000_msl2rxjn","2","climate_sensor, contact_sensor"
"_tz3000_mvn6jl7x","2","climate_sensor, plug_energy_monitor"
"_tz3000_mvvw8wnx","2","climate_sensor, plug_smart"
"_TZ3000_mw1pqqqt","2","climate_sensor, switch_3gang"
"_TZ3000_nbnmw9nc","2","climate_sensor, contact_sensor"
"_tz3000_nedis","2","climate_sensor, plug_energy_monitor"
"_tz3000_neo2aqj4","2","climate_sensor, switch_1gang"
"_TZ3000_nkcobies","2","climate_sensor, plug_smart"
"_TZ3000_nkkl7uzv","2","climate_sensor, water_leak_sensor"
"_tz3000_nlsszmzl","2","climate_sensor, water_leak_sensor"
"_tz3000_npzfdzhq","2","climate_sensor, switch_1gang"
"_tz3000_nrfkrgf4","2","climate_sensor, switch_1gang"
"_TZ3000_nta0gb8h","2","climate_sensor, switch_1gang"
"_TZ3000_NUOMBROO","2","button_wireless_4, climate_sensor"
"_TZ3000_nwidmc4n","2","climate_sensor, module_mini_switch"
"_TZ3000_NXDZIQZC","2","button_wireless_1, climate_sensor"
"_TZ3000_O1JZCXOU","2","climate_sensor, gateway_zigbee_bridge"
"_TZ3000_o4mkahkc","3","climate_sensor, contact_sensor, motion_sensor"
"_TZ3000_oaq83gqc","2","climate_sensor, switch_1gang"
"_TZ3000_obacbukl","3","bulb_tunable_white, climate_sensor, led_controller_cct"
"_tz3000_oborybow","2","climate_sensor, dimmer_wall_1gang"
"_TZ3000_oboryztc","2","bulb_white, led_strip_advanced"
"_TZ3000_ODYGIGTH","2","bulb_rgb, climate_sensor"
"_tz3000_oex7egmt","2","climate_sensor, switch_1gang"
"_tz3000_oikiyf3b","2","climate_sensor, switch_1gang"
"_TZ3000_oiymh3qu","2","climate_sensor, plug_energy_monitor"
"_TZ3000_okaz9tjs","3","plug_energy_monitor, plug_smart, usb_outlet_advanced"
"_tz3000_osu834un","3","climate_sensor, contact_sensor, vibration_sensor"
"_TZ3000_OWGCNKRH","3","button_wireless_1, button_wireless_4, climate_sensor"
"_tz3000_oznonj5q","2","climate_sensor, switch_1gang"
"_TZ3000_p8alo7qa","2","climate_sensor, contact_sensor"
"_TZ3000_PCQJMCUD","2","button_wireless_4, climate_sensor"
"_TZ3000_pdevogdj","2","climate_sensor, switch_1gang"
"_TZ3000_peszejy7","3","button_emergency_sos, button_wireless_1, scene_switch_1"
"_TZ3000_pfc7i3kt","2","climate_sensor, plug_smart"
"_TZ3000_pgcclddi","2","climate_sensor, switch_2gang"
"_tz3000_pirddkfc","2","climate_sensor, motion_sensor"
"_tz3000_pjcqjtev","2","climate_sensor, plug_smart"
"_TZ3000_pkeqinnt","2","climate_sensor, switch_1gang"
"_tz3000_plyvnuf5","2","climate_sensor, plug_smart"
"_tz3000_pmvbt5hh","2","climate_sensor, switch_1gang"
"_TZ3000_pmz6mjyu","2","climate_sensor, switch_2gang"
"_TZ3000_pnzfdr9y","2","climate_sensor, switch_1gang"
"_tz3000_prd023wy","2","climate_sensor, switch_1gang"
"_TZ3000_PRITS6G4","2","climate_sensor, switch_1gang"
"_tz3000_pvlvoxvt","2","climate_sensor, plug_energy_monitor"
"_TZ3000_pzui3skt","2","climate_sensor, contact_sensor"
"_tz3000_q50zhdsc","2","climate_sensor, contact_sensor"
"_TZ3000_q68478x7","2","climate_sensor, switch_1gang"
"_TZ3000_qcdqw8nf","2","climate_sensor, plug_smart"
"_TZ3000_qcgw8qfa","2","climate_sensor, switch_2gang"
"_TZ3000_QD7HEJ8U","2","bulb_rgb, climate_sensor"
"_TZ3000_qeuvnohg","4","climate_sensor, din_rail_meter, plug_energy_monitor, power_clamp_meter"
"_tz3000_qewo8dlz","2","climate_sensor, switch_1gang"
"_TZ3000_qhozxs2b","2","climate_sensor, water_leak_sensor"
"_TZ3000_QJA6NQ5Z","2","button_wireless_1, climate_sensor"
"_TZ3000_qlmnxmac","2","climate_sensor, plug_energy_monitor"
"_TZ3000_qomxlryd","2","climate_sensor, motion_sensor"
"_tz3000_qrldbmfn","2","climate_sensor, contact_sensor"
"_tz3000_qystbcjg","4","climate_sensor, din_rail_switch, plug_energy_monitor, pool_pump"
"_TZ3000_QZJCSMAR","3","bulb_rgb, button_wireless_4, scene_switch_1"
"_tz3000_r0pmi2p3","2","climate_sensor, switch_1gang"
"_TZ3000_r6buo8ba","2","climate_sensor, plug_energy_monitor"
"_TZ3000_r9e2w7dn","2","climate_sensor, lock_smart"
"_tz3000_raviyuvk","2","climate_sensor, plug_energy_monitor"
"_TZ3000_RCO1YZB1","2","button_wireless_1, climate_sensor"
"_tz3000_rcuyhwe3","3","climate_sensor, contact_sensor, motion_sensor"
"_TZ3000_rdfh8cfs","2","climate_sensor, switch_1gang"
"_TZ3000_RDTIXBNU","2","plug_energy_monitor, plug_smart"
"_TZ3000_rgchmad8","2","climate_sensor, contact_sensor"
"_tz3000_rid8lzvo","2","climate_sensor, contact_sensor"
"_TZ3000_riwp3k79","3","climate_sensor, led_controller_cct, led_strip_advanced"
"_tz3000_rmiew70n","2","climate_sensor, switch_2gang"
"_TZ3000_rrjr1q0u","2","climate_sensor, dimmer_wall_1gang"
"_TZ3000_RULDV5DT","2","climate_sensor, switch_2gang"
"_TZ3000_rylaozuc","2","climate_sensor, contact_sensor"
"_TZ3000_s0i14ubi","2","climate_sensor, switch_1gang"
"_TZ3000_s8r1qoyq","2","climate_sensor, contact_sensor"
"_tz3000_sdklhkrs","2","climate_sensor, dimmer_wall_1gang"
"_tz3000_sfc7ztze","2","climate_sensor, dimmer_wall_1gang"
"_tz3000_sj7jbgks","2","climate_sensor, switch_1gang"
"_tz3000_sjpl9eg3","2","climate_sensor, switch_1gang"
"_tz3000_ss98ec5d","2","climate_sensor, plug_energy_monitor"
"_TZ3000_ssp0maqm","3","button_emergency_sos, button_wireless_1, climate_sensor"
"_tz3000_svoqrno4","2","climate_sensor, switch_1gang"
"_tz3000_svosnzmu","2","climate_sensor, dimmer_wall_1gang"
"_TZ3000_t6jriawg","2","climate_sensor, water_leak_sensor"
"_TZ3000_t8hzpgnd","2","climate_sensor, switch_1gang"
"_TZ3000_taspddvq","2","climate_sensor, contact_sensor"
"_TZ3000_TGDDLLX4","2","climate_sensor, switch_1gang"
"_TZ3000_th6zqqy6","2","climate_sensor, contact_sensor"
"_tz3000_thhxrept","2","climate_sensor, switch_1gang"
"_TZ3000_timx9ivq","2","climate_sensor, contact_sensor"
"_TZ3000_tiwq83wk","2","climate_sensor, motion_sensor"
"_tz3000_tk3s5tya","2","climate_sensor, switch_1gang"
"_tz3000_tqlv4ez4","2","climate_sensor, switch_1gang"
"_TZ3000_ts004f","2","climate_sensor, switch_1gang"
"_TZ3000_tvuarksa","2","climate_sensor, plug_energy_monitor"
"_TZ3000_TXPIRHFQ","2","climate_sensor, switch_1gang"
"_TZ3000_txpitre5","2","climate_sensor, switch_1gang"
"_tz3000_tygpud44","2","climate_sensor, switch_1gang"
"_TZ3000_TYPDPBPG","3","plug_energy_monitor, plug_smart, switch_plug_1"
"_TZ3000_typdpdpg","2","climate_sensor, plug_energy_monitor"
"_TZ3000_tzvbimpq","2","climate_sensor, switch_2gang"
"_TZ3000_u1rkajsr","2","climate_sensor, plug_energy_monitor"
"_TZ3000_U3NV1JWK","2","button_wireless_4, climate_sensor"
"_TZ3000_UAA99ARV","2","button_wireless_4, climate_sensor"
"_TZ3000_udyjylt7","2","climate_sensor, contact_sensor"
"_TZ3000_UFHTXR59","2","button_wireless_4, climate_sensor"
"_TZ3000_uim07oem","2","climate_sensor, motion_sensor"
"_tz3000_upgcbody","2","climate_sensor, water_leak_sensor"
"_tz3000_upjrsxh1","2","climate_sensor, switch_1gang"
"_tz3000_upjrxmsr","2","climate_sensor, plug_smart"
"_TZ3000_URI7BER7","2","button_wireless_1, climate_sensor"
"_TZ3000_URI7OADN","2","button_wireless_1, climate_sensor"
"_TZ3000_URI7ONGN","2","button_wireless_1, climate_sensor"
"_tz3000_uvti8nkd","2","climate_sensor, contact_sensor"
"_TZ3000_uwaort14","2","climate_sensor, plug_energy_monitor"
"_TZ3000_uxuxkcvd","2","climate_sensor, switch_1gang"
"_TZ3000_v7chgqso","2","climate_sensor, contact_sensor"
"_tz3000_v7fkcekx","2","climate_sensor, switch_1gang"
"_tz3000_v7sopte0","2","climate_sensor, switch_1gang"
"_tz3000_vd43bbfq","2","climate_sensor, curtain_motor"
"_tz3000_vjhcenzw","2","climate_sensor, switch_1gang"
"_TZ3000_VP6CLF9D","2","button_wireless_4, climate_sensor"
"_tz3000_vtscrpmw","2","climate_sensor, plug_energy_monitor"
"_tz3000_VTSCRPMX","3","climate_sensor, plug_energy_monitor, switch_1gang"
"_tz3000_vvlivusi","2","climate_sensor, switch_1gang"
"_tz3000_vw8pawxa","2","climate_sensor, curtain_motor"
"_TZ3000_vzopcetz","2","climate_sensor, plug_energy_monitor"
"_TZ3000_W0QQDE0G","2","plug_energy_monitor, plug_smart"
"_TZ3000_w3c7ouru","2","climate_sensor, switch_1gang"
"_TZ3000_W4THIANR","2","button_wireless_4, climate_sensor"
"_TZ3000_W8JWKCZZ","2","button_wireless_3, scene_switch_3"
"_tz3000_waho4jtj","2","climate_sensor, plug_smart"
"_tz3000_wamqdr3f","2","climate_sensor, plug_smart"
"_tz3000_wbfgbpxq","2","climate_sensor, switch_1gang"
"_TZ3000_WKAI4GA5","2","button_wireless_4, climate_sensor"
"_tz3000_wptayaqr","2","climate_sensor, contact_sensor"
"_tz3000_wqcbzbae","2","climate_sensor, switch_1gang"
"_TZ3000_wuep9zng","2","climate_sensor, water_leak_sensor"
"_TZ3000_wut53hfm","2","climate_sensor, contact_sensor"
"_tz3000_WW6DRJA5","3","climate_sensor, gas_sensor, plug_smart"
"_tz3000_wxtp7c5y","3","climate_sensor, plug_energy_monitor, switch_plug_2"
"_TZ3000_wyhuocal","2","climate_sensor, contact_sensor"
"_tz3000_wzauvbcs","2","climate_sensor, switch_1gang"
"_tz3000_x8q36xwf","2","climate_sensor, contact_sensor"
"_TZ3000_XABCKQ1V","2","button_wireless_4, climate_sensor"
"_TZ3000_XFS39DBF","2","climate_sensor, led_controller_dimmable"
"_tz3000_xfxpoxe0","2","climate_sensor, module_mini_switch"
"_tz3000_xiuox57i","2","climate_sensor, switch_1gang"
"_TZ3000_xk5udnd6","2","climate_sensor, switch_2gang"
"_TZ3000_xkap8wtb","3","climate_sensor, din_rail_meter, switch_2gang"
"_tz3000_xpq2nmkr","2","climate_sensor, contact_sensor"
"_TZ3000_xrqsdxq6","2","climate_sensor, switch_1gang"
"_tz3000_xwuveizv","2","climate_sensor, switch_1gang"
"_tz3000_y4che4dc","2","climate_sensor, switch_1gang"
"_tz3000_y56pgpgs","2","climate_sensor, motion_sensor"
"_tz3000_yfekcy3n","2","climate_sensor, contact_sensor"
"_tz3000_ygvf9xzp","2","climate_sensor, switch_1gang"
"_TZ3000_yhagrqmd","2","climate_sensor, switch_1gang"
"_TZ3000_yirp2pgd","2","climate_sensor, switch_1gang"
"_TZ3000_YJ6K7VFO","2","button_wireless_1, climate_sensor"
"_tz3000_ykwcwxmz","2","climate_sensor, motion_sensor"
"_TZ3000_yl3zuyaw","2","climate_sensor, switch_1gang"
"_tz3000_ynmowqk2","2","climate_sensor, plug_energy_monitor"
"_TZ3000_yruungrl","2","climate_sensor, curtain_motor"
"_tz3000_yujkchbz","2","climate_sensor, plug_smart"
"_tz3000_yw5tvzsk","2","climate_sensor, switch_1gang"
"_TZ3000_yxqnffam","2","climate_sensor, contact_sensor"
"_TZ3000_zfmxvprs","2","climate_sensor, switch_1gang"
"_tz3000_zgrffiwg","2","climate_sensor, contact_sensor"
"_TZ3000_ZGYZGDUA","2","button_wireless_4, scene_switch_4"
"_tz3000_zirycpws","2","climate_sensor, curtain_motor"
"_TZ3000_zjtxnoft","2","climate_sensor, dimmer_wall_1gang"
"_tz3000_zloso4jk","3","climate_sensor, plug_energy_monitor, switch_plug_2"
"_TZ3000_zmlunnhy","2","climate_sensor, switch_1gang"
"_TZ3000_ZMY4LSLW","3","bulb_rgbw, climate_sensor, switch_1gang"
"_tz3000_zrm3oxsh","2","climate_sensor, rain_sensor"
"_TZ3000_zutizvyk","2","climate_sensor, contact_sensor"
"_tz3000_zutizvykTS0203","2","climate_sensor, contact_sensor"
"_TZ3000_zw7yf6yk","2","climate_sensor, switch_1gang"
"_TZ3000_zwaadvus","2","climate_sensor, plug_energy_monitor"
"_TZ3002_1s0vfmtv","2","climate_sensor, switch_2gang"
"_tz3002_6ahhkwyh","2","climate_sensor, switch_2gang"
"_TZ3002_9vcekkp1","2","climate_sensor, switch_2gang"
"_tz3002_aewsvjcu","2","climate_sensor, switch_2gang"
"_TZ3002_gdwja9a7","2","climate_sensor, switch_2gang"
"_tz3002_iedhxgyi","2","climate_sensor, switch_2gang"
"_TZ3002_JN2X20TG","2","climate_sensor, switch_2gang"
"_tz3002_kq3kqwjt","2","climate_sensor, switch_2gang"
"_TZ3002_m3pafcnk","2","climate_sensor, switch_2gang"
"_TZ3002_phu8ygaw","2","climate_sensor, switch_2gang"
"_TZ3002_pzao9ls1","3","climate_sensor, switch_2gang, switch_4gang"
"_TZ3002_rbnycsav","2","climate_sensor, switch_2gang"
"_tz3002_sal078g8","2","climate_sensor, gas_sensor"
"_tz3002_sfh0jtz0","2","climate_sensor, gas_sensor"
"_TZ3002_umdkr64x","2","climate_sensor, switch_2gang"
"_tz3002_vaq2bfcu","2","climate_sensor, switch_2gang"
"_tz3002_ymv5vytn","2","climate_sensor, switch_2gang"
"_TZ3002_zjuvw9zf","2","climate_sensor, switch_2gang"
"_TZ3040_bb6xaihh","2","climate_sensor, motion_sensor"
"_TZ3040_FWXUZCF4","2","button_wireless_4, climate_sensor"
"_TZ3040_msl6wxk9","2","climate_sensor, motion_sensor"
"_TZ3040_wqmtjsyk","2","climate_sensor, motion_sensor"
"_tz3210_09hzmirw","2","climate_sensor, smoke_detector_advanced"
"_tz3210_0jxeoadc","2","climate_sensor, contact_sensor"
"_TZ3210_0zabbfa","2","climate_sensor, led_strip_rgbw"
"_TZ3210_0ZABBFAX","3","bulb_rgb, climate_sensor, led_strip_rgbw"
"_TZ3210_1ac","2","climate_sensor, plug_smart"
"_TZ3210_2ac","2","climate_sensor, plug_smart"
"_tz3210_2DFY6TOL","2","climate_sensor, dimmer_wall_1gang"
"_TZ3210_2uk4z8ce","2","climate_sensor, dimmer_wall_1gang"
"_tz3210_3lbtuxgp","2","climate_sensor, dimmer_wall_1gang"
"_TZ3210_3mpwqzuu","2","climate_sensor, dimmer_wall_1gang"
"_TZ3210_3ULG9KPO","2","button_wireless_1, climate_sensor"
"_TZ3210_4UBYLGHK","3","bulb_rgb, climate_sensor, dimmer_dual_channel"
"_TZ3210_4UX0ONDB","2","climate_sensor, plug_energy_monitor"
"_tz3210_4zinq6io","2","climate_sensor, dimmer_wall_1gang"
"_tz3210_5ct6e7ye","2","climate_sensor, dimmer_wall_1gang"
"_TZ3210_5rta89nj","2","climate_sensor, dimmer_wall_1gang"
"_TZ3210_778drfdt","2","climate_sensor, curtain_motor"
"_TZ3210_7jnk7l3k","2","climate_sensor, plug_smart"
"_TZ3210_7VGTTNA6","3","bulb_rgb, climate_sensor, dimmer_wall_1gang"
"_tz3210_8n4dn1ne","2","climate_sensor, dimmer_wall_1gang"
"_TZ3210_95TXYZBX","3","bulb_rgb, climate_sensor, led_strip_rgbw"
"_tz3210_9q49basr","2","climate_sensor, dimmer_wall_1gang"
"_TZ3210_A04ACM9S","3","bulb_rgb, climate_sensor, dimmer_wall_1gang"
"_tz3210_agjx0pxt","2","climate_sensor, dimmer_wall_1gang"
"_TZ3210_B8JDOSXO","2","bulb_rgb, climate_sensor"
"_TZ3210_BFWVFYX1","3","bulb_rgb, climate_sensor, contact_sensor"
"_TZ3210_C0S1XLOA","3","bulb_rgb, climate_sensor, dimmer_wall_1gang"
"_TZ3210_C2IWPXF1","3","bulb_rgb, climate_sensor, dimmer_wall_1gang"
"_TZ3210_cehuw1lw","2","climate_sensor, plug_energy_monitor"
"_TZ3210_CIEIJUW1","3","bulb_rgb, climate_sensor, dimmer_wall_1gang"
"_TZ3210_CM9MBPR1","2","bulb_rgb, climate_sensor"
"_tz3210_cwamkvua","2","climate_sensor, motion_sensor"
"_tz3210_d062rv7j","2","climate_sensor, dimmer_wall_1gang"
"_tz3210_dbilpfqk","2","climate_sensor, curtain_motor"
"_TZ3210_DDIGCA5N","3","bulb_rgb, climate_sensor, dimmer_wall_1gang"
"_TZ3210_DN5HIGYL","3","bulb_rgb, climate_sensor, dimmer_wall_1gang"
"_TZ3210_DSE8OGFY","3","bulb_rgb, climate_sensor, dimmer_wall_1gang"
"_tz3210_dwytrmda","2","climate_sensor, curtain_motor"
"_TZ3210_DWZFZFJC","3","bulb_rgb, climate_sensor, dimmer_wall_1gang"
"_tz3210_dxroobu3","2","climate_sensor, curtain_motor"
"_tz3210_e5t9bfdv","2","climate_sensor, dimmer_wall_1gang"
"_TZ3210_EEJM8DCR","4","bulb_rgb, climate_sensor, dimmer_wall_1gang, led_strip"
"_TZ3210_ejctepku","2","climate_sensor, dimmer_wall_1gang"
"_TZ3210_EMQMWTYM","3","bulb_rgb, climate_sensor, dimmer_wall_1gang"
"_TZ3210_eymunffl","2","climate_sensor, dimmer_wall_1gang"
"_tz3210_f8dqbuze","2","climate_sensor, dimmer_wall_1gang"
"_tz3210_frm6149r","3","climate_sensor, curtain_motor, led_strip"
"_TZ3210_GUIJTL8K","3","bulb_rgb, climate_sensor, dimmer_wall_1gang"
"_TZ3210_HICXA0RH","3","bulb_rgb, climate_sensor, dimmer_wall_1gang"
"_TZ3210_hquixjeg","2","climate_sensor, dimmer_wall_1gang"
"_tz3210_huzkzqyk","2","climate_sensor, dimmer_wall_1gang"
"_TZ3210_HXTFTHP5","3","bulb_rgb, climate_sensor, dimmer_wall_1gang"
"_tz3210_i680rtja","2","climate_sensor, dimmer_wall_1gang"
"_TZ3210_IFGA63RG","3","bulb_rgb, climate_sensor, dimmer_wall_1gang"
"_TZ3210_INVESBER","3","bulb_rgb, climate_sensor, dimmer_wall_1gang"
"_TZ3210_IT1U8AHZ","2","bulb_rgb, climate_sensor"
"_TZ3210_IW0ZKCU8","3","bulb_rgb, climate_sensor, dimmer_wall_1gang"
"_TZ3210_IYSTCADI","3","bulb_rgb, climate_sensor, dimmer_wall_1gang"
"_TZ3210_J4PDTZ9V","2","climate_sensor, curtain_motor"
"_TZ3210_JD3Z4YIG","3","bulb_rgb, climate_sensor, dimmer_wall_1gang"
"_TZ3210_JICMOITE","3","bulb_rgb, climate_sensor, curtain_motor"
"_tz3210_jijr1sss","2","climate_sensor, motion_sensor"
"_TZ3210_JJQDQXFQ","3","bulb_rgb, climate_sensor, dimmer_wall_1gang"
"_TZ3210_JLF1NEPW","3","bulb_rgb, climate_sensor, dimmer_wall_1gang"
"_tz3210_jowhpxop","2","climate_sensor, dimmer_wall_1gang"
"_TZ3210_jtifm80b","2","climate_sensor, curtain_motor"
"_TZ3210_K1MSUVG6","3","bulb_rgb, climate_sensor, dimmer_wall_1gang"
"_TZ3210_K1PE6IBM","3","bulb_rgb, climate_sensor, dimmer_wall_1gang"
"_TZ3210_LJOASIXL","3","bulb_rgb, climate_sensor, dimmer_wall_1gang"
"_tz3210_lzqq3u4r","3","climate_sensor, dimmer_wall_1gang, fan_controller"
"_TZ3210_MJA6R5IX","3","bulb_rgb, climate_sensor, dimmer_wall_1gang"
"_TZ3210_mt5xjoy6","2","climate_sensor, dimmer_wall_1gang"
"_TZ3210_ngqk6jia","2","climate_sensor, dimmer_wall_1gang"
"_tz3210_odlghna1","2","climate_sensor, dimmer_wall_1gang"
"_tz3210_ol1uhvza","2","climate_sensor, curtain_motor"
"_TZ3210_p68kms0l","2","climate_sensor, dimmer_wall_1gang"
"_TZ3210_p9ao60da","2","climate_sensor, led_controller_cct"
"_TZ3210_PAGAJPOG","3","bulb_rgbw, climate_sensor, dimmer_dual_channel"
"_tz3210_r0xgkft5","3","climate_sensor, led_controller_cct, led_strip_advanced"
"_TZ3210_R5AFGMKL","2","bulb_rgb, climate_sensor"
"_TZ3210_RCGGC0YS","3","bulb_rgb, climate_sensor, dimmer_wall_1gang"
"_TZ3210_RKGNGB5O","3","bulb_rgbw, climate_sensor, dimmer_wall_1gang"
"_TZ3210_RWMITWJ4","3","bulb_rgb, climate_sensor, dimmer_wall_1gang"
"_TZ3210_s8lvbbu","3","bulb_rgb, bulb_rgbw, climate_sensor"
"_TZ3210_SLN7AH6R","2","bulb_rgb, climate_sensor"
"_TZ3210_SW9UXOEA","2","bulb_rgb, climate_sensor"
"_TZ3210_syh4kuef","2","climate_sensor, dimmer_wall_1gang"
"_tz3210_tfxwxklq","2","climate_sensor, dimmer_wall_1gang"
"_tz3210_tgvtvdoc","2","climate_sensor, rain_sensor"
"_tz3210_ttkgurpb","2","climate_sensor, dimmer_wall_1gang"
"_tz3210_umi6vbsz","2","climate_sensor, contact_sensor"
"_TZ3210_uos3hl9x","2","climate_sensor, dimmer_wall_1gang"
"_TZ3210_urjf5u18","2","climate_sensor, dimmer_wall_1gang"
"_TZ3210_VFWHHLDZ","3","bulb_rgb, climate_sensor, dimmer_wall_1gang"
"_TZ3210_WBSGMOJQ","2","bulb_rgb, climate_sensor"
"_TZ3210_WDEXAYPG","2","bulb_rgbw, climate_sensor"
"_TZ3210_weaqkhab","2","climate_sensor, dimmer_wall_1gang"
"_TZ3210_wjz9epjd","2","climate_sensor, dimmer_wall_1gang"
"_TZ3210_WXA85BWK","3","bulb_rgb, climate_sensor, dimmer_wall_1gang"
"_TZ3210_X13BU7ZA","3","bulb_rgb, climate_sensor, dimmer_wall_1gang"
"_TZ3210_xbpt8ewc","2","climate_sensor, curtain_motor"
"_TZ3210_xwqng7ol","2","climate_sensor, curtain_motor"
"_TZ3210_YSFO0WLA","3","bulb_rgb, climate_sensor, dimmer_wall_1gang"
"_TZ3210_Z1VLYUFU","3","bulb_rgb, climate_sensor, dimmer_wall_1gang"
"_tz3210_zana8d08","2","climate_sensor, curtain_motor"
"_TZ3210_zbabx9wh","2","climate_sensor, contact_sensor"
"_tz3210_zdrhqmo0","2","climate_sensor, dimmer_wall_1gang"
"_tz3210_zkhmztqn","2","climate_sensor, dimmer_wall_1gang"
"_tz3210_zmppwawa","2","climate_sensor, contact_sensor"
"_TZ3210_zmy9hjay","2","climate_sensor, dimmer_wall_1gang"
"_TZ3210_ZRVXVYDD","3","bulb_rgb, climate_sensor, dimmer_wall_1gang"
"_TZ3210_zxbtub8r","2","climate_sensor, dimmer_wall_1gang"
"_TZ3218_7fiyo3kv","3","climate_sensor, switch_1gang, switch_temp_sensor"
"_TZ3218_awarhusb","2","climate_sensor, motion_sensor_radar_mmwave"
"_tz3218_t9ynfz4x","2","climate_sensor, motion_sensor_radar_mmwave"
"_TZ321C_4slreunp","3","climate_sensor, generic_tuya, presence_sensor_radar"
"_tz321c_fkzihax8","3","climate_sensor, motion_sensor, presence_sensor_radar"
"_TZ3290_785FBXIK","2","button_wireless_4, climate_sensor"
"_TZ3290_7v1k4vufotpowp9z","2","climate_sensor, ir_blaster"
"_tz3290_8xzb2ghn","2","climate_sensor, gas_sensor"
"_TZ3290_acv1iuslxi3shaaj","2","climate_sensor, ir_blaster"
"_TZ3290_ai4v11wr0mycyh7k","2","climate_sensor, ir_blaster"
"_TZ3290_gnl5a6a5xvql7c2a","2","climate_sensor, ir_blaster"
"_TZ3290_gnlsafc7","2","climate_sensor, ir_blaster"
"_TZ3290_IXD9MVV4","2","button_wireless_4, climate_sensor"
"_TZ3290_j37rooaxrcdcqo5n","2","climate_sensor, ir_blaster"
"_TZ3290_NKPXAPOZ","2","button_wireless_4, climate_sensor"
"_TZ3290_ot6ewjvmejq5ekhl","2","climate_sensor, ir_blaster"
"_TZ3290_RLKMY85Q4PZOXOBL","2","button_wireless_1, climate_sensor"
"_tz3290_s6ezpa3j","2","climate_sensor, gas_sensor"
"_TZ3290_u9xac5rv","2","climate_sensor, ir_blaster"
"_tz3290_uc8lwbi2","2","climate_sensor, gas_sensor"
"_TZ3290_YYAX9AJF","2","button_wireless_4, climate_sensor"
"_TZ3400_KEYJHAPK","2","button_wireless, climate_sensor"
"_tzb000_42ha4rsc","2","climate_sensor, curtain_motor"
"_TZB210_0BKZABHT","3","bulb_rgb, climate_sensor, curtain_motor"
"_TZB210_3owg3kkv","2","climate_sensor, dimmer_wall_1gang"
"_TZB210_3ZFP8MKI","3","bulb_rgb, climate_sensor, curtain_motor"
"_TZB210_417IKXAY","3","bulb_rgb, climate_sensor, curtain_motor"
"_TZB210_6EED09B9","3","bulb_rgb, climate_sensor, generic_tuya"
"_TZB210_AYX58FT5","3","bulb_rgb, climate_sensor, curtain_motor"
"_TZB210_EIWANBEB","3","bulb_rgb, climate_sensor, curtain_motor"
"_TZB210_ENDMGGWS","4","bulb_rgb, climate_sensor, led_controller_cct, led_controller_rgb"
"_TZB210_G01IE5WU","3","bulb_rgb, climate_sensor, generic_tuya"
"_TZB210_GJ0CCSAR","3","bulb_rgb, climate_sensor, curtain_motor"
"_tzb210_lmqquxus","3","climate_sensor, curtain_motor, led_controller_rgb"
"_TZB210_LNNKH3F9","3","bulb_rgb, climate_sensor, generic_tuya"
"_tzb210_ngnt8kni","2","climate_sensor, led_controller_cct"
"_TZB210_RKGNGB5O","3","bulb_rgb, climate_sensor, dimmer_dual_channel"
"_TZB210_RS0UFZWG","3","bulb_rgb, climate_sensor, curtain_motor"
"_TZB210_RWY5HEXP","2","bulb_rgb, climate_sensor"
"_TZB210_UE01A0S2","3","bulb_rgb, climate_sensor, curtain_motor"
"_TZB210_W9HCIX2R","3","bulb_rgb, climate_sensor, curtain_motor"
"_TZB210_wjz9epjd","2","climate_sensor, dimmer_wall_1gang"
"_TZB210_WXAZCMSH","3","bulb_rgb, climate_sensor, curtain_motor"
"_TZB210_WY1PYU1Q","3","bulb_rgb, climate_sensor, curtain_motor"
"_TZB210_YATKPUHA","3","bulb_rgb, climate_sensor, curtain_motor"
"_TZB210_ZMPPWAWA","3","bulb_rgb, climate_sensor, contact_sensor"
"_TZE200_0dvm9mva","2","climate_sensor, thermostat_tuya_dp"
"_TZE200_0hb4rdnp","2","climate_sensor, dimmer_wall_1gang"
"_tze200_0hg58wyk","2","climate_sensor, radiator_valve"
"_tze200_0zaf1cr8","2","climate_sensor, smoke_detector_advanced"
"_TZE200_1ibpyhdc","2","climate_sensor, motion_sensor_radar_mmwave"
"_tze200_2AAELWXK","3","climate_sensor, motion_sensor_radar_mmwave, presence_sensor_radar"
"_TZE200_2EKUZ3DZ","2","climate_sensor, thermostat_tuya_dp"
"_TZE200_2SE8EFXH","2","climate_sensor, soil_sensor"
"_TZE200_2usb_socket","2","climate_sensor, plug_energy_monitor"
"_TZE200_3P5YDOS3","2","climate_sensor, dimmer_wall_1gang"
"_TZE200_3T91NB6K","2","climate_sensor, fingerprint_lock"
"_TZE200_3towulqd","3","climate_sensor, motion_sensor, presence_sensor_radar"
"_TZE200_4mh6tyyo","2","climate_sensor, motion_sensor"
"_tze200_4UTWOZ2","2","climate_sensor, thermostat_tuya_dp"
"_tze200_4utwozi2","2","climate_sensor, radiator_valve"
"_tze200_5b5noeto","2","climate_sensor, motion_sensor_radar_mmwave"
"_TZE200_5nldle7w","2","climate_sensor, curtain_motor"
"_TZE200_5sbebbzs","2","climate_sensor, curtain_motor"
"_TZE200_5toc8efa","2","climate_sensor, radiator_valve"
"_TZE200_5zbp6j0u","2","climate_sensor, curtain_motor"
"_TZE200_68nvbi09","2","climate_sensor, curtain_motor"
"_TZE200_68nvbio9","3","climate_sensor, motion_sensor, smart_breaker"
"_TZE200_6kijc7nd","2","climate_sensor, motion_sensor"
"_TZE200_6rdj8dzm","2","climate_sensor, radiator_valve"
"_TZE200_7bztmfm1","2","air_purifier, climate_sensor"
"_TZE200_7hfcudw5","2","climate_sensor, motion_sensor"
"_TZE200_7yoranx2","2","climate_sensor, radiator_valve"
"_TZE200_8viydiwr","2","climate_sensor, motion_sensor"
"_TZE200_9caxna4s","2","climate_sensor, curtain_motor"
"_TZE200_9CQCPKGB","2","climate_sensor, soil_sensor"
"_TZE200_9CXUHAKF","2","air_quality_co2, climate_sensor"
"_tze200_9mjy74mp","2","climate_sensor, thermostat_tuya_dp"
"_TZE200_9vpe3fl1","2","climate_sensor, curtain_motor"
"_TZE200_9xfjixap","2","climate_sensor, radiator_valve"
"_tze200_a0syesf5","3","climate_sensor, dimmer_wall_1gang, humidifier"
"_TZE200_a5zyjdpn","2","fan_controller, pet_feeder"
"_TZE200_a7sghmms","2","climate_sensor, motion_sensor"
"_tze200_akjefhj5","2","climate_sensor, motion_sensor"
"_TZE200_amp6tsvy","2","climate_sensor, motion_sensor"
"_tze200_aoclfnxz","4","climate_sensor, radiator_valve, smart_breaker, smart_heater"
"_TZE200_AQNAZJ70","3","climate_sensor, din_rail_switch, smart_breaker"
"_TZE200_ar0slwnd","2","climate_sensor, motion_sensor_radar_mmwave"
"_tze200_arge1ptm","2","climate_sensor, motion_sensor"
"_TZE200_AUIN8MZR","2","climate_sensor, gas_sensor"
"_TZE200_axgvo9jh","2","climate_sensor, curtain_motor"
"_TZE200_b6wax7g0","3","climate_sensor, radiator_valve, thermostat_tuya_dp"
"_TZE200_BH3N6GK8","2","climate_sensor, presence_sensor_radar"
"_tze200_bh4n9cluk","2","climate_sensor, motion_sensor"
"_tze200_bjzrowv2","2","climate_sensor, motion_sensor"
"_TZE200_BKKMQMYO","3","climate_sensor, din_rail_meter, power_clamp_meter"
"_tze200_bmzphld8","2","climate_sensor, lock_smart"
"_tze200_bqcqqjpb","2","climate_sensor, curtain_motor"
"_TZE200_BVRLMAJK","2","climate_sensor, thermostat_tuya_dp"
"_TZE200_bvu2wnxz","2","climate_sensor, radiator_valve"
"_TZE200_BXOO2SWD","2","dimmer_3gang, dimmer_dual_channel"
"_TZE200_BYZDAYIE","3","climate_sensor, power_clamp_meter, smart_breaker"
"_tze200_cf1sl3tj","2","climate_sensor, motion_sensor"
"_TZE200_CKUD7U2L","2","climate_sensor, smart_heater"
"_tze200_clrdrnya","2","climate_sensor, motion_sensor_radar_mmwave"
"_TZE200_cowvfni3","3","climate_sensor, curtain_motor, shutter_roller_controller"
"_TZE200_cpbo62rn","2","climate_sensor, motion_sensor"
"_TZE200_cpmgn2cf","2","climate_sensor, thermostat_tuya_dp"
"_tze200_cwbvmsar","2","climate_sensor, thermostat_tuya_dp"
"_TZE200_CWNJRR72","2","climate_sensor, radiator_valve"
"_TZE200_D0YPNBVN","2","climate_sensor, power_clamp_meter"
"_TZE200_d0yu2xgi","2","climate_sensor, siren"
"_tze200_D3Z1UKQW","2","climate_sensor, radiator_valve"
"_tze200_dcrrztpa","2","climate_sensor, motion_sensor"
"_TZE200_DFXKCOTS","2","climate_sensor, dimmer_wall_1gang"
"_TZE200_dq1mfjug","3","climate_sensor, pet_feeder, smoke_detector_advanced"
"_TZE200_dq8bu0pt","2","climate_sensor, curtain_motor"
"_TZE200_dwcarsat","4","air_purifier, climate_sensor, formaldehyde_sensor, humidifier"
"_TZE200_dzuqwsyg","4","ceiling_fan, climate_sensor, fan_controller, radiator_valve"
"_TZE200_e3oitdyu","2","climate_sensor, dimmer_dual_channel"
"_tze200_e9ba97vf","2","climate_sensor, radiator_valve"
"_TZE200_EAAC7DKW","2","climate_sensor, din_rail_meter"
"_tze200_eegnwoyw","2","climate_sensor, curtain_motor"
"_tze200_eqpaxqdv","2","climate_sensor, gas_sensor"
"_tze200_f91miyhj","2","climate_sensor, plug_energy_monitor"
"_TZE200_fctwhugx","3","climate_sensor, curtain_motor, curtain_motor_tilt"
"_tze200_fdtjuw7u","2","climate_sensor, curtain_motor"
"_TZE200_fjb98hbq","2","din_rail_switch, smart_breaker"
"_TZE200_fqytfymk","2","climate_sensor, soil_sensor"
"_tze200_fsow0qsk","2","climate_sensor, radiator_valve"
"_TZE200_fzo2pocs","2","climate_sensor, curtain_motor"
"_tze200_g2kiyjvf","2","climate_sensor, lock_smart"
"_tze200_G9A3AWAJ","2","climate_sensor, radiator_valve"
"_TZE200_GA1MAEOF","2","climate_sensor, soil_sensor"
"_tze200_gaj531w3","2","climate_sensor, curtain_motor"
"_TZE200_GBAGOILO","2","climate_sensor, switch_1gang"
"_tze200_ghynnvos","2","climate_sensor, motion_sensor"
"_TZE200_gne0e6mk","2","climate_sensor, dimmer_wall_1gang"
"_TZE200_HKDL5FMV","2","climate_sensor, smart_breaker"
"_tze200_hl0ss9oa","2","climate_sensor, presence_sensor_radar"
"_TZE200_HOLEL4DK","2","climate_sensor, motion_sensor_radar_mmwave"
"_tze200_htnnfasr","2","climate_sensor, water_tank_monitor"
"_tze200_HUE3YFSN","2","climate_sensor, radiator_valve"
"_TZE200_HUSQQVUX","2","climate_sensor, radiator_valve"
"_TZE200_hvaxb2tc","2","climate_sensor, radiator_valve"
"_TZE200_icka1clh","2","climate_sensor, curtain_motor"
"_TZE200_ikvncluo","2","climate_sensor, presence_sensor_radar"
"_TZE200_iossyxra","2","climate_sensor, curtain_motor"
"_TZE200_IP2AKL4W","2","climate_sensor, soil_sensor"
"_TZE200_jhkttplm","2","climate_sensor, curtain_motor"
"_TZE200_JKFBPH7L","2","climate_sensor, radiator_valve"
"_TZE200_JVA8INK8","2","climate_sensor, motion_sensor_radar_mmwave"
"_TZE200_K6JHSR0Q","2","climate_sensor, pool_pump"
"_tze200_KDS0PMMV","2","climate_sensor, radiator_valve"
"_tze200_kds0pqet","2","climate_sensor, thermostat_tuya_dp"
"_tze200_la2c2uo9","2","climate_sensor, dimmer_wall_1gang"
"_TZE200_LHZAPFG9","2","climate_sensor, radiator_valve"
"_TZE200_lllliz3p","2","climate_sensor, radiator_valve"
"_TZE200_LNBFNYXD","2","climate_sensor, radiator_valve"
"_TZE200_locansqn","2","climate_sensor, radiator_controller"
"_tze200_LU01T0ZL","2","climate_sensor, motion_sensor_radar_mmwave"
"_TZE200_lvkk0hdg","2","climate_sensor, water_tank_monitor"
"_TZE200_lyetpprm","2","climate_sensor, motion_sensor_radar_mmwave"
"_tze200_M9SKFCTM","2","climate_sensor, smoke_detector_advanced"
"_TZE200_mchxve9o","2","climate_sensor, motion_sensor"
"_TZE200_me6wtiqs","2","climate_sensor, motion_sensor"
"_TZE200_mja3fuja","3","air_purifier, climate_sensor, humidifier"
"_tze200_mlglxwp3","2","climate_sensor, curtain_motor"
"_TZE200_mp902om5","2","climate_sensor, smart_heater_controller"
"_tze200_mrf6vtua","2","climate_sensor, motion_sensor_radar_mmwave"
"_tze200_MUDXCHSU","2","climate_sensor, radiator_valve"
"_TZE200_mvtclclq","2","climate_sensor, dimmer_wall_1gang"
"_tze200_MYD45WEU","2","climate_sensor, soil_sensor"
"_tze200_ne4s6z47","2","climate_sensor, lock_smart"
"_TZE200_nhk3bpxq","2","climate_sensor, motion_sensor"
"_TZE200_NKLQJK62","2","climate_sensor, garage_door"
"_tze200_nkoabg8w","2","climate_sensor, curtain_motor"
"_TZE200_nlrfgpny","2","climate_sensor, siren"
"_TZE200_NPJ9BUG3","2","climate_sensor, soil_sensor"
"_TZE200_NSLR42TT","2","climate_sensor, power_clamp_meter"
"_TZE200_NTCY3XU1","2","climate_sensor, smoke_detector_advanced"
"_tze200_nv6nxo0c","2","climate_sensor, curtain_motor"
"_TZE200_nw1r9hp6","2","climate_sensor, curtain_motor"
"_TZE200_ojzhk75b","2","climate_sensor, water_tank_monitor"
"_TZE200_ol5jlkkr","2","climate_sensor, curtain_motor"
"_tze200_OW09XLXM","2","climate_sensor, radiator_valve"
"_tze200_p3dbf6qs","2","climate_sensor, radiator_valve"
"_TZE200_p6vz3wzt","2","climate_sensor, curtain_motor"
"_tze200_PAY2BYAX","3","climate_sensor, motion_sensor_radar_mmwave, thermostat_tuya_dp"
"_TZE200_PVVBOMMB","2","climate_sensor, fingerprint_lock"
"_tze200_pw7mji0l","3","climate_sensor, curtain_motor, thermostat_tuya_dp"
"_TZE200_py4cm3he","2","climate_sensor, radiator_valve"
"_tze200_r0jdjrvi","2","climate_sensor, curtain_motor"
"_TZE200_r32ctezx","3","ceiling_fan, climate_sensor, fan_controller"
"_TZE200_rddyvrci","2","climate_sensor, curtain_motor"
"_TZE200_RK1WOJCE","2","climate_sensor, radiator_valve"
"_TZE200_rks0sgb7","2","climate_sensor, plug_energy_monitor"
"_tze200_RNDG81SF","2","climate_sensor, radiator_valve"
"_TZE200_rufdtfyv","2","climate_sensor, radiator_valve"
"_tze200_rv6iuyxb","2","climate_sensor, radiator_valve"
"_tze200_rxntag7i","2","climate_sensor, radiator_valve"
"_TZE200_rxq4iti9","2","climate_sensor, radiator_valve"
"_TZE200_RYFMQ5RL","2","climate_sensor, formaldehyde_sensor"
"_tze200_s6hzw8g2","2","climate_sensor, motion_sensor"
"_TZE200_sfiy5tfs","2","climate_sensor, motion_sensor_radar_mmwave"
"_TZE200_sgpeacqp","3","climate_sensor, motion_sensor_radar_mmwave, radiator_valve"
"_TZE200_sh1btabb","2","valve_single, water_valve_smart"
"_TZE200_SHKXSGIS","2","climate_sensor, din_rail_meter"
"_tze200_sur6q7ko","2","climate_sensor, radiator_valve"
"_tze200_suxywabt","2","climate_sensor, radiator_valve"
"_tze200_t1blo2bj","2","climate_sensor, siren"
"_TZE200_T5P1VJ8R","2","climate_sensor, smoke_detector_advanced"
"_TZE200_tsxpl0d0","2","climate_sensor, dimmer_wall_1gang"
"_TZE200_TTCOVULF","2","climate_sensor, motion_sensor_radar_mmwave"
"_TZE200_tyffvoij","2","climate_sensor, presence_sensor_radar"
"_TZE200_TZ32MTZA","3","climate_sensor, switch_wall_5gang, switch_wall_6gang"
"_TZE200_UEBOJRAA","2","climate_sensor, smoke_detector_advanced"
"_tze200_uj3f4wr5","2","climate_sensor, curtain_motor"
"_tze200_ux8dlkev","2","climate_sensor, smoke_detector_advanced"
"_TZE200_v9hkz2y","2","climate_sensor, plug_energy_monitor"
"_TZE200_V9HKZ2YN","2","climate_sensor, power_clamp_meter"
"_TZE200_vafd6gkz","2","climate_sensor, smoke_detector_advanced"
"_tze200_ves1ycwx","3","climate_sensor, din_rail_meter, plug_energy_monitor"
"_TZE200_vexa5o82","2","climate_sensor, gas_sensor"
"_TZE200_viy9ihs7","2","climate_sensor, thermostat_tuya_dp"
"_TZE200_vrjkcam9","2","valve_single, water_valve_smart"
"_tze200_VVMBJ46N","3","climate_sensor, soil_sensor, thermostat_tuya_dp"
"_TZE200_VZEKYI4C","2","climate_sensor, smoke_detector_advanced"
"_TZE200_WBHAESPM","3","climate_sensor, din_rail_meter, smart_breaker"
"_TZE200_WFXUHOEA","2","climate_sensor, garage_door"
"_TZE200_wlosfena","2","climate_sensor, thermostat_tuya_dp"
"_TZE200_wmcdj3aq","3","climate_sensor, curtain_motor, shutter_roller_controller"
"_tze200_wqashyqo","2","climate_sensor, soil_sensor"
"_TZE200_wsbfwodu","2","climate_sensor, radiator_valve"
"_tze200_WUKB7RHC","2","climate_sensor, motion_sensor_radar_mmwave"
"_tze200_x9axofse","2","climate_sensor, radiator_valve"
"_tze200_xpq2rzhq","2","climate_sensor, motion_sensor_radar_mmwave"
"_TZE200_xq4hgafz","2","climate_sensor, motion_sensor"
"_tze200_xuzcvlku","2","climate_sensor, curtain_motor"
"_TZE200_y4mdop0b","2","climate_sensor, presence_sensor_radar"
"_TZE200_Y8JIJHBA","2","climate_sensor, presence_sensor_radar"
"_TZE200_ya4ft0w4","2","climate_sensor, presence_sensor_radar"
"_TZE200_YH7AOAHI","2","climate_sensor, smoke_detector_advanced"
"_tze200_ykgar0ow","2","climate_sensor, dimmer_wall_1gang"
"_tze200_yqgbrdyo","2","climate_sensor, thermostat_tuya_dp"
"_TZE200_yvx5lh6k","2","air_quality_comprehensive, climate_sensor"
"_TZE200_yw7cahqs","2","climate_sensor, thermostat_tuya_dp"
"_TZE200_Z1TYSPQW","2","climate_sensor, thermostat_tuya_dp"
"_tze200_zah67ekd","2","climate_sensor, curtain_motor"
"_tze200_zpzndjez","2","climate_sensor, curtain_motor"
"_TZE200_ztc6ggyl","3","climate_sensor, motion_sensor_radar_mmwave, presence_sensor_radar"
"_TZE200_ztvwu4nk","2","climate_sensor, smart_heater_controller"
"_tze200_zxxfv8wi","2","climate_sensor, curtain_motor"
"_TZE201_ztc6ggyl","2","climate_sensor, motion_sensor_radar_mmwave"
"_TZE202_ztc6ggyl","2","climate_sensor, motion_sensor_radar_mmwave"
"_TZE203_ztc6ggyl","2","climate_sensor, motion_sensor_radar_mmwave"
"_TZE204_0hcjew5p","2","climate_sensor, thermostat_tuya_dp"
"_TZE204_1v1dxkck","2","climate_sensor, dimmer_wall_1gang"
"_tze204_2usb_socket","2","climate_sensor, plug_energy_monitor"
"_TZE204_3T91NB6K","2","climate_sensor, fingerprint_lock"
"_tze204_57hjqelq","2","climate_sensor, curtain_motor"
"_TZE204_5cuocqty","2","climate_sensor, dimmer_wall_1gang"
"_tze204_68utemio","2","climate_sensor, dimmer_wall_1gang"
"_TZE204_7bztmfm1","2","air_purifier, climate_sensor"
"_TZE204_7GCLUKJS","2","climate_sensor, motion_sensor_radar_mmwave"
"_TZE204_81yrt3lo","3","din_rail_meter, plug_energy_monitor, power_meter"
"_tze204_8fffc3kb","2","climate_sensor, dimmer_wall_1gang"
"_TZE204_9mjy74mp","2","climate_sensor, thermostat_tuya_dp"
"_TZE204_a5zyjdpn","2","fan_controller, pet_feeder"
"_tze204_ac0fhfiq","2","climate_sensor, plug_energy_monitor"
"_tze204_aoclfnxz","4","climate_sensor, radiator_valve, smart_breaker, switch_4gang"
"_TZE204_aqnazj70","2","din_rail_switch, smart_breaker"
"_tze204_bjzrowv2","2","climate_sensor, curtain_motor"
"_TZE204_BKKMQMYO","2","climate_sensor, power_clamp_meter"
"_tze204_bxoo2swd","3","climate_sensor, dimmer_dual_channel, dimmer_wall_1gang"
"_TZE204_byzdayie","2","smart_breaker, smart_rcbo"
"_TZE204_CJBOFHXW","2","climate_sensor, din_rail_meter"
"_TZE204_CKUD7U2L","2","radiator_valve, smart_heater"
"_tze204_clrdrnya","2","climate_sensor, motion_sensor_radar_mmwave"
"_TZE204_cvcu2p6e","2","climate_sensor, thermostat_tuya_dp"
"_TZE204_D0YPNBVN","2","climate_sensor, power_clamp_meter"
"_TZE204_dq1mfjug","2","pet_feeder, smoke_detector_advanced"
"_TZE204_dtzziy1e","2","climate_sensor, motion_sensor_radar_mmwave"
"_TZE204_dwcarsat","3","air_purifier, climate_sensor, humidifier"
"_TZE204_DZUQWSYG","2","climate_sensor, fan_controller"
"_tze204_e5m9c5hl","2","climate_sensor, motion_sensor_radar_mmwave"
"_TZE204_eekpf0ft","2","climate_sensor, radiator_valve"
"_TZE204_fjb98hbq","2","din_rail_switch, smart_breaker"
"_tze204_fwondbzy","2","climate_sensor, motion_sensor_radar_mmwave"
"_TZE204_GOPS3SLB","2","climate_sensor, thermostat_tuya_dp"
"_TZE204_guvc7pdy","3","climate_sensor, curtain_motor, shutter_roller_controller"
"_TZE204_hkdl5fmv","2","smart_breaker, smart_rcbo"
"_TZE204_HLX9TNZB","2","climate_sensor, dimmer_wall_1gang"
"_TZE204_iaeejhvf","2","motion_sensor_radar_mmwave, presence_sensor_radar"
"_TZE204_ijxvkhd0","2","climate_sensor, motion_sensor_radar_mmwave"
"_tze204_ikvncluo","2","climate_sensor, presence_sensor_radar"
"_TZE204_jktmrpoj","2","climate_sensor, contact_sensor"
"_tze204_kgaxpvxr","2","climate_sensor, smoke_detector_advanced"
"_tze204_la2c2uo9","2","climate_sensor, dimmer_wall_1gang"
"_TZE204_lbbg34rj","2","climate_sensor, motion_sensor_radar_mmwave"
"_tze204_lh3arisb","2","climate_sensor, curtain_motor"
"_TZE204_LZRIUP1J","2","climate_sensor, din_rail_meter"
"_TZE204_mchxve9o","2","climate_sensor, motion_sensor"
"_TZE204_mja3fuja","2","air_purifier, humidifier"
"_tze204_MTOARYRE","2","climate_sensor, presence_sensor_radar"
"_TZE204_MYD45WEU","2","climate_sensor, soil_sensor"
"_tze204_n8dljorx","2","climate_sensor, motion_sensor"
"_tze204_nklqjk62","3","climate_sensor, door_controller, garage_door"
"_TZE204_nlrfgpny","2","climate_sensor, siren"
"_TZE204_no6qtgtl","2","climate_sensor, presence_sensor_radar"
"_TZE204_nqqylykc","2","climate_sensor, dimmer_wall_1gang"
"_TZE204_NSLR42TT","2","energy_meter_3phase, power_clamp_meter"
"_tze204_NTCY3XU1","2","climate_sensor, smoke_detector_advanced"
"_TZE204_O3X45P96","2","climate_sensor, radiator_valve"
"_TZE204_OJTQAWAV","2","climate_sensor, radiator_valve"
"_TZE204_pfayrzcw","2","climate_sensor, motion_sensor_radar_mmwave"
"_tze204_QASJIF9E","3","climate_sensor, motion_sensor_radar_mmwave, presence_sensor_radar"
"_tze204_qyr2m29i","2","climate_sensor, radiator_valve"
"_tze204_r0jdjrvi","2","climate_sensor, presence_sensor_radar"
"_TZE204_r32ctezx","3","ceiling_fan, climate_sensor, fan_controller"
"_tze204_rrbcyh1f","2","climate_sensor, lock_smart"
"_tze204_rtrmfadk","2","climate_sensor, thermostat_tuya_dp"
"_TZE204_sbyx0lm6","2","climate_sensor, motion_sensor_radar_mmwave"
"_TZE204_SHKXSGIS","2","climate_sensor, din_rail_meter"
"_TZE204_SXM7L9XA","3","climate_sensor, motion_sensor_radar_mmwave, presence_sensor_radar"
"_TZE204_t1blo2bj","2","climate_sensor, siren"
"_TZE204_uxllnywp","2","climate_sensor, motion_sensor_radar_mmwave"
"_TZE204_V9HKZ2YN","2","climate_sensor, power_clamp_meter"
"_tze204_vafd6gkz","2","climate_sensor, smoke_detector_advanced"
"_TZE204_ves1ycwx","3","climate_sensor, din_rail_meter, plug_energy_monitor"
"_tze204_vjpaih9f","2","climate_sensor, thermostat_tuya_dp"
"_TZE204_vvvtcehj","2","climate_sensor, curtain_motor"
"_TZE204_WBHAESPM","3","climate_sensor, din_rail_meter, smart_breaker"
"_TZE204_WFXUHOEA","2","climate_sensor, garage_door"
"_tze204_xibaabmu","2","climate_sensor, switch_4gang"
"_tze204_xnbkhhdr","2","climate_sensor, thermostat_tuya_dp"
"_TZE204_XSM7L9XA","2","climate_sensor, motion_sensor_radar_mmwave"
"_TZE204_XU4A5RHJ","2","climate_sensor, curtain_motor"
"_tze204_ycke4deo","2","climate_sensor, curtain_motor"
"_TZE204_yensya2c","2","climate_sensor, motion_sensor_radar_mmwave"
"_tze204_ZENJ4LXV","3","climate_sensor, dimmer_dual_channel, dimmer_wall_1gang"
"_tze204_ZNVWZXKQ","2","climate_sensor, dimmer_wall_1gang"
"_TZE204_ZTC6GGYL","2","climate_sensor, motion_sensor_radar_mmwave"
"_TZE204_ztqnh5cg","3","climate_sensor, motion_sensor_radar_mmwave, presence_sensor_radar"
"_tze204_zuq5xxib","2","climate_sensor, curtain_motor"
"_tze210_m6lwazh9","2","climate_sensor, gas_sensor"
"_TZE284_0wfzacel","2","climate_sensor, motion_sensor_radar_mmwave"
"_tze284_0zaf1cr8","2","climate_sensor, smoke_detector_advanced"
"_tze284_0zse7xqg","2","climate_sensor, motion_sensor"
"_TZE284_2se8efxh","2","climate_sensor, soil_sensor"
"_tze284_4qznlkbu","2","climate_sensor, motion_sensor_radar_mmwave"
"_tze284_5cuocqty","2","climate_sensor, plug_energy_monitor"
"_tze284_6ycgarab","2","climate_sensor, smoke_detector_advanced"
"_tze284_81yrt3lo","2","climate_sensor, plug_energy_monitor"
"_tze284_8se38w3c","2","climate_sensor, radiator_valve"
"_tze284_9qhuzgo0","2","climate_sensor, switch_1gang"
"_tze284_AAO3YZHS","2","climate_sensor, soil_sensor"
"_tze284_ahwvlkpy","2","climate_sensor, plug_energy_monitor"
"_TZE284_aoclfnxz","2","climate_sensor, thermostat_tuya_dp"
"_TZE284_bjzrowv2","2","climate_sensor, plug_energy_monitor"
"_tze284_c6wv4xyo","2","climate_sensor, radiator_valve"
"_TZE284_cjbofhxw","2","climate_sensor, plug_energy_monitor"
"_TZE284_clm4gdw4","2","climate_sensor, gas_sensor"
"_TZE284_dapwryy7","2","climate_sensor, plug_energy_monitor"
"_tze284_dcnsggvz","2","climate_sensor, plug_energy_monitor"
"_TZE284_fwondbzy","2","climate_sensor, motion_sensor_radar_mmwave"
"_TZE284_G2E6CPNW","2","climate_sensor, soil_sensor"
"_tze284_gaj531w3","2","climate_sensor, radiator_valve"
"_tze284_gops3slb","2","climate_sensor, thermostat_tuya_dp"
"_TZE284_gyzlwu5q","2","climate_sensor, smoke_detector_advanced"
"_TZE284_hlx9tnzb","2","climate_sensor, switch_1gang"
"_TZE284_iilebqoo","2","climate_sensor, rain_sensor"
"_tze284_koxaopnk","2","climate_sensor, curtain_motor"
"_tze284_ltwbm23f","2","climate_sensor, thermostat_tuya_dp"
"_tze284_mgstdyz3","2","climate_sensor, lock_smart"
"_TZE284_mrf6vtua","2","climate_sensor, motion_sensor"
"_tze284_myd45weu","2","climate_sensor, soil_sensor"
"_tze284_n4ttsck2","2","climate_sensor, smoke_detector_advanced"
"_TZE284_n5q2t8na","2","climate_sensor, presence_sensor_radar"
"_tze284_n9ctkb6j","2","climate_sensor, switch_1gang"
"_tze284_nklqjk62","2","climate_sensor, contact_sensor"
"_TZE284_nlrfgpny","2","climate_sensor, siren"
"_tze284_O3X45P96","2","climate_sensor, radiator_valve"
"_tze284_rv6iuyxb","2","climate_sensor, radiator_valve"
"_TZE284_SGABHWA6","2","climate_sensor, soil_sensor"
"_TZE284_uqfph8ah","2","climate_sensor, curtain_motor"
"_tze284_xibaabmu","2","climate_sensor, switch_4gang"
"_TZE284_ZNVWZXKQ","2","climate_sensor, dimmer_wall_1gang"
"_tze284_zy6wjm01","2","climate_sensor, motion_sensor_radar_mmwave"
"_tze600_ogyg1y6b","2","climate_sensor, curtain_motor"
"EARU","2","din_rail_switch, smart_breaker"
"eWeLink","12","button_wireless_1, climate_sensor, contact_sensor, curtain_motor, module_mini_switch, motion_sensor, plug_smart, presence_sensor_radar, radiator_valve, temphumidsensor, water_leak_sensor, water_valve_smart"
"HOBEIAN","6","button_wireless_1, contact_sensor, motion_sensor, presence_sensor_radar, soil_sensor, water_leak_sensor"
"MatSeePlus","4","din_rail_meter, din_rail_switch, plug_energy_monitor, smart_breaker"
"MOES","7","air_purifier, fan_controller, fingerprint_lock, garage_door, humidifier, scene_switch_4, thermostat_tuya_dp"
"SONOFF","11","button_wireless_1, climate_sensor, contact_sensor, curtain_motor, module_mini_switch, motion_sensor, plug_smart, presence_sensor_radar, radiator_valve, water_leak_sensor, water_valve_smart"
"TOMZN","4","din_rail_meter, din_rail_switch, power_clamp_meter, smart_breaker"
"Tongou","2","din_rail_switch, power_clamp_meter"
"Tuya","9","air_purifier, din_rail_meter, fan_controller, fingerprint_lock, garage_door, humidifier, pet_feeder, pool_pump, power_clamp_meter"
"ZG-102Z","2","climate_sensor, motion_sensor"
"ZG-102ZM","2","climate_sensor, vibration_sensor"
"ZG-204Z","2","climate_sensor, motion_sensor"
"ZG-204ZH","2","climate_sensor, presence_sensor_radar"
"ZG-204ZK","2","climate_sensor, presence_sensor_radar"
"ZG-204ZM","2","climate_sensor, presence_sensor_radar"
"ZG-204ZV","2","climate_sensor, presence_sensor_radar"
"ZG-222Z","2","climate_sensor, water_leak_sensor"
"ZG-223Z","2","climate_sensor, water_leak_sensor"
