"ManufacturerName","ProductId","DriverCount","Drivers"
"_TYST11_7hfcudw5","TS0222","2","climate_sensor, motion_sensor"
"_TYST11_7hfcudw5","TS0225","2","climate_sensor, motion_sensor"
"_TYST11_7hfcudw5","TS0601","2","climate_sensor, motion_sensor"
"_TYST11_i5j6ifxj","TS0222","2","climate_sensor, motion_sensor"
"_TYST11_i5j6ifxj","TS0225","2","climate_sensor, motion_sensor"
"_TYST11_i5j6ifxj","TS0601","2","climate_sensor, motion_sensor"
"_TYZB01_1xktopx6","TS0601","2","climate_sensor, switch_1gang"
"_TYZB01_4mdqxxnn","TS0601","2","climate_sensor, switch_1gang"
"_TYZB01_4qw4rl1u","TS0601","2","climate_sensor, switch_1gang"
"_tyzb01_4tlksk8a","TS0601","2","switch_1gang, valve_irrigation"
"_TYZB01_5nr7ncpl","TS0601","2","climate_sensor, switch_1gang"
"_TYZB01_7yidyqxd","TS0601","2","climate_sensor, switch_1gang"
"_TYZB01_821siati","TS0601","2","climate_sensor, switch_1gang"
"_TYZB01_aneiicmq","TS0601","2","climate_sensor, switch_1gang"
"_tyzb01_digziiav","TS0002","2","switch_1gang, switch_2gang"
"_tyzb01_digziiav","TS0003","2","switch_1gang, switch_2gang"
"_tyzb01_digziiav","TS0012","2","switch_1gang, switch_2gang"
"_tyzb01_digziiav","TS0601","2","switch_1gang, switch_2gang"
"_TYZB01_dl7cejts","TS0601","2","motion_sensor, switch_1gang"
"_TYZB01_dr6sduka","TS0601","2","motion_sensor, switch_1gang"
"_TYZB01_hlla45kx","TS0601","2","climate_sensor, switch_1gang"
"_TYZB01_ijihzffk","TS0601","2","climate_sensor, switch_1gang"
"_TYZB01_jytabjkb","TS0601","2","motion_sensor, switch_1gang"
"_TYZB01_m6ec2pgj","TS0601","2","climate_sensor, switch_1gang"
"_TYZB01_mtunwanm","TS0601","2","climate_sensor, switch_1gang"
"_TYZB01_ncutbjdi","TS0601","2","climate_sensor, switch_1gang"
"_TYZB01_qezuin6k","TS0601","2","dimmer_wall_1gang, switch_1gang"
"_TYZB01_qm6djpta","TS0041","2","button_wireless_4, switch_1gang"
"_TYZB01_qm6djpta","TS0601","2","button_wireless_4, switch_1gang"
"_TYZB01_rifa0wlb","TS0601","2","climate_sensor, switch_1gang"
"_TYZB01_sbpc1zrb","TS0601","2","climate_sensor, switch_1gang"
"_TYZB01_sqmd19i1","TS0601","2","switch_1gang, water_leak_sensor"
"_TYZB01_ttvdudvx","TS0601","2","climate_sensor, switch_1gang"
"_TYZB01_u9kkqh5o","TS0601","2","climate_sensor, switch_1gang"
"_TYZB01_uqkphoed","TS0601","2","climate_sensor, switch_1gang"
"_TYZB01_v8gtiaed","TS0601","2","dimmer_dual_channel, switch_1gang"
"_TYZB01_vwqnz1sn","TS0601","2","motion_sensor, switch_1gang"
"_TYZB01_wqcac7lo","TS0601","2","smoke_detector_advanced, switch_1gang"
"_TYZB01_xph99wvr","TS0601","2","contact_sensor, switch_1gang"
"_tyzb01_ymcdbl3u","TS0601","2","switch_1gang, valve_irrigation"
"_TYZB01_yr95mpib","TS0601","2","climate_sensor, switch_1gang"
"_TYZB01_z2umiwvq","TS0601","2","climate_sensor, switch_1gang"
"_TYZB01_zqvwka4k","TS0601","2","climate_sensor, switch_1gang"
"_tyzb01_zsl6z0pw","TS0002","2","switch_1gang, switch_2gang"
"_tyzb01_zsl6z0pw","TS0003","2","switch_1gang, switch_2gang"
"_tyzb01_zsl6z0pw","TS0012","2","switch_1gang, switch_2gang"
"_tyzb01_zsl6z0pw","TS0601","2","switch_1gang, switch_2gang"
"_TYZB02_keyjqthh","TS0041","2","button_wireless_1, switch_1gang"
"_TYZB02_keyjqthh","TS0601","2","button_wireless_1, switch_1gang"
"_TZ1800_akzvkzqq","TS0601","2","climate_sensor, plug_smart"
"_tz1800_ejwkn2h2","TS0601","2","climate_sensor, contact_sensor"
"_TZ1800_fcdjzz3s","TS0222","2","climate_sensor, motion_sensor"
"_TZ1800_fcdjzz3s","TS0225","2","climate_sensor, motion_sensor"
"_TZ1800_fcdjzz3s","TS0601","2","climate_sensor, motion_sensor"
"_TZ1800_ho6i0zk9","TS0601","2","climate_sensor, plug_smart"
"_tz3000_00mk2xzy","TS0601","2","climate_sensor, plug_smart"
"_tz3000_01gpyda5","TS0601","2","climate_sensor, switch_2gang"
"_TZ3000_0ausfos0","TS0601","2","climate_sensor, switch_1gang"
"_TZ3000_0HT8DNXJ","TS0601","2","air_quality_comprehensive, climate_sensor"
"_tz3000_0s9gukzt","TS0601","2","climate_sensor, water_leak_sensor"
"_TZ3000_0zfrhq4i","TS0201","2","climate_sensor, plug_energy_monitor"
"_TZ3000_0zfrhq4i","TS0601","2","climate_sensor, plug_energy_monitor"
"_TZ3000_11PG3IMA","TS0601","2","button_wireless_4, climate_sensor"
"_TZ3000_18EJXNO0","TS0601","2","climate_sensor, switch_2gang"
"_TZ3000_18EJXRZK","TS0601","2","climate_sensor, switch_1gang"
"_TZ3000_1BWPJVLZ","TS0601","2","climate_sensor, contact_sensor"
"_tz3000_1dd0d5yi","TS0601","2","climate_sensor, curtain_motor"
"_TZ3000_1h2x4akh","TS011F","2","din_rail_switch, plug_energy_monitor"
"_TZ3000_1h2x4akh","TS0201","2","climate_sensor, plug_energy_monitor"
"_TZ3000_1h2x4akh","TS0601","3","climate_sensor, din_rail_switch, plug_energy_monitor"
"_TZ3000_1obmmd8k","TS0601","2","climate_sensor, switch_1gang"
"_TZ3000_1obwwnmq","TS0222","2","climate_sensor, motion_sensor"
"_TZ3000_1obwwnmq","TS0225","2","climate_sensor, motion_sensor"
"_TZ3000_1obwwnmq","TS0601","2","climate_sensor, motion_sensor"
"_tz3000_266azbg3","TS0601","2","climate_sensor, plug_smart"
"_tz3000_2ac","TS0601","2","climate_sensor, switch_1gang"
"_tz3000_2dlwlvex","TS0601","2","climate_sensor, contact_sensor"
"_tz3000_2jxgpoqh","TS0601","2","climate_sensor, switch_1gang"
"_TZ3000_2mbfxlzr","TS0601","2","climate_sensor, contact_sensor"
"_TZ3000_2mccw9py","TS0601","2","climate_sensor, switch_1gang"
"_tz3000_2xlvlnvp","TS0601","2","climate_sensor, plug_smart"
"_TZ3000_3ias4w4o","TS0601","2","climate_sensor, plug_smart"
"_TZ3000_3ooaz3ng","TS0201","2","climate_sensor, plug_energy_monitor"
"_TZ3000_3ooaz3ng","TS0601","2","climate_sensor, plug_energy_monitor"
"_tz3000_3towulqd","TS0222","2","climate_sensor, motion_sensor"
"_tz3000_3towulqd","TS0225","2","climate_sensor, motion_sensor"
"_tz3000_3towulqd","TS0601","2","climate_sensor, motion_sensor"
"_TZ3000_3uimvkn6","TS0601","2","climate_sensor, plug_smart"
"_tz3000_3wkqni6o","TS0601","2","climate_sensor, switch_1gang"
"_TZ3000_3zofvcaa","TS0201","2","climate_sensor, plug_energy_monitor"
"_TZ3000_3zofvcaa","TS0601","2","climate_sensor, plug_energy_monitor"
"_TZ3000_41ki5xyq","TS0601","2","climate_sensor, switch_1gang"
"_TZ3000_49qchf10","TS0601","2","climate_sensor, dimmer_wall_1gang"
"_TZ3000_4fjiwweb","TS0041","3","button_wireless_1, button_wireless_4, switch_1gang"
"_TZ3000_4fjiwweb","TS0601","4","button_wireless_1, button_wireless_4, climate_sensor, switch_1gang"
"_TZ3000_4js9lo5d","TS0601","2","climate_sensor, switch_1gang"
"_TZ3000_4qaowtdo","TS0601","2","climate_sensor, water_leak_sensor"
"_TZ3000_4uf3d0ax","TS0601","2","climate_sensor, switch_1gang"
"_TZ3000_4UX0ONDB","TS0201","2","climate_sensor, plug_energy_monitor"
"_TZ3000_4UX0ONDB","TS0601","2","climate_sensor, plug_energy_monitor"
"_TZ3000_4whigl8i","TS0601","2","climate_sensor, switch_1gang"
"_tz3000_4zf0crgo","TS0601","2","climate_sensor, switch_2gang"
"_tz3000_56bdyj21","TS0601","2","climate_sensor, switch_1gang"
"_TZ3000_5BPEDA8U","TS0041","2","button_wireless_1, button_wireless_4"
"_TZ3000_5BPEDA8U","TS0601","3","button_wireless_1, button_wireless_4, climate_sensor"
"_TZ3000_5CT6E7YE","TS0201","2","climate_sensor, plug_energy_monitor"
"_TZ3000_5CT6E7YE","TS0601","2","climate_sensor, plug_energy_monitor"
"_TZ3000_5e5ptb24","TS0601","2","climate_sensor, switch_1gang"
"_TZ3000_5f43h46b","TS011F","2","din_rail_switch, plug_energy_monitor"
"_TZ3000_5f43h46b","TS0201","2","climate_sensor, plug_energy_monitor"
"_TZ3000_5f43h46b","TS0601","3","climate_sensor, din_rail_switch, plug_energy_monitor"
"_tz3000_5f43h46r","TS0601","2","climate_sensor, plug_smart"
"_tz3000_5iixzdo7","TS0601","2","climate_sensor, curtain_motor"
"_tz3000_5ity3zyu","TS0601","2","climate_sensor, switch_1gang"
"_TZ3000_5k5vh43t","TS0601","2","climate_sensor, water_leak_sensor"
"_TZ3000_5nrcorgu","TS0601","2","climate_sensor, switch_1gang"
"_TZ3000_5TQXPINE","TS0601","2","button_wireless_4, climate_sensor"
"_tz3000_5vujyute","TS0601","2","climate_sensor, switch_1gang"
"_TZ3000_6axxqqi2","TS0601","2","climate_sensor, switch_1gang"
"_TZ3000_6eyydfyg","TS0601","2","climate_sensor, switch_1gang"
"_tz3000_6jeesvrt","TS0601","2","climate_sensor, contact_sensor"
"_tz3000_6oabgtzv","TS0601","2","climate_sensor, switch_1gang"
"_tz3000_6s5dc9lx","TS0201","2","climate_sensor, plug_energy_monitor"
"_tz3000_6s5dc9lx","TS0601","2","climate_sensor, plug_energy_monitor"
"_TZ3000_74hsp7qy","TS0601","2","climate_sensor, curtain_motor"
"_tz3000_7d8yme6f","TS0601","2","climate_sensor, contact_sensor"
"_TZ3000_7ed9cqgi","TS0601","2","climate_sensor, dimmer_wall_1gang"
"_TZ3000_7hcgjxpc","TS0601","2","climate_sensor, curtain_motor"
"_TZ3000_7jsk6lxz","TS0601","2","climate_sensor, switch_1gang"
"_tz3000_7tbsruql","TS0601","2","climate_sensor, contact_sensor"
"_TZ3000_7ysdnebc","TS0601","2","climate_sensor, dimmer_wall_1gang"
"_TZ3000_87654321","TS0601","2","climate_sensor, switch_1gang"
"_TZ3000_8bxrzyxz","TS0225","2","climate_sensor, presence_sensor_radar"
"_TZ3000_8bxrzyxz","TS0601","4","climate_sensor, pool_pump, power_meter, presence_sensor_radar"
"_tz3000_8h7wgocw","TS0601","2","climate_sensor, curtain_motor"
"_tz3000_8nkb7mof","TS0201","2","climate_sensor, plug_energy_monitor"
"_tz3000_8nkb7mof","TS0601","2","climate_sensor, plug_energy_monitor"
"_TZ3000_8rppvwda","TS0601","2","climate_sensor, switch_1gang"
"_TZ3000_8yhypbo7","TS0601","2","climate_sensor, contact_sensor"
"_tz3000_92chsky7","TS0601","2","climate_sensor, dimmer_dual_channel"
"_tz3000_92qd4sqa","TS0201","2","climate_sensor, plug_energy_monitor"
"_tz3000_92qd4sqa","TS0601","2","climate_sensor, plug_energy_monitor"
"_TZ3000_996rpfy6","TS0601","2","climate_sensor, contact_sensor"
"_TZ3000_9CPUACA6","TS0502A","2","bulb_dimmable, bulb_tunable_white"
"_TZ3000_9CPUACA6","TS0502B","2","bulb_dimmable, bulb_tunable_white"
"_TZ3000_9djocypn","TS0601","2","climate_sensor, switch_1gang"
"_tz3000_9eeavbk5","TS0601","2","climate_sensor, contact_sensor"
"_TZ3000_9evm3otq","TS0601","2","climate_sensor, switch_1gang"
"_tz3000_9hpxg80k","TS0601","2","climate_sensor, plug_smart"
"_TZ3000_A4XYCPRS","TS0601","2","button_wireless_4, climate_sensor"
"_tz3000_abaplimj","TS0601","2","climate_sensor, rain_sensor"
"_tz3000_abc123","TS0601","2","climate_sensor, switch_1gang"
"_TZ3000_ABCI1HIU","TS0601","2","button_wireless_4, climate_sensor"
"_TZ3000_ABJODZAS","TS0207","2","rain_sensor, water_leak_sensor"
"_TZ3000_ABJODZAS","TS0601","2","rain_sensor, water_leak_sensor"
"_TZ3000_ABRSVSOU","TS0041","2","button_wireless_1, button_wireless_4"
"_TZ3000_ABRSVSOU","TS0601","3","button_wireless_1, button_wireless_4, climate_sensor"
"_TZ3000_aezbqpcu","TS0601","2","climate_sensor, switch_1gang"
"_TZ3000_ajkq2isy","TS0601","2","climate_sensor, switch_1gang"
"_tz3000_amal63is","TS0601","2","climate_sensor, switch_1gang"
"_tz3000_amdymr71","TS0601","2","climate_sensor, switch_1gang"
"_tz3000_amdymr7l","TS0201","2","climate_sensor, plug_energy_monitor"
"_tz3000_amdymr7l","TS0601","3","climate_sensor, contact_sensor, plug_energy_monitor"
"_tz3000_amis43tj","TS0601","2","climate_sensor, switch_1gang"
"_TZ3000_AN5RJIWD","TS0601","2","button_wireless_1, climate_sensor"
"_TZ3000_ARFWFGRE","TS0601","2","button_wireless_1, climate_sensor"
"_tz3000_arw23zcs","TS0601","2","climate_sensor, switch_1gang"
"_TZ3000_au1rjicn","TS0601","2","climate_sensor, contact_sensor"
"_TZ3000_awvmkayh","TS0601","2","motion_sensor, rain_sensor"
"_TZ3000_AXPDXQGU","TS0601","2","button_wireless_1, climate_sensor"
"_tz3000_b28wrpvx","TS0201","2","climate_sensor, plug_energy_monitor"
"_tz3000_b28wrpvx","TS0601","2","climate_sensor, plug_energy_monitor"
"_TZ3000_B3MGFU0D","TS0601","2","button_wireless_4, climate_sensor"
"_TZ3000_B4AWZGCT","TS0601","2","button_wireless_1, climate_sensor"
"_tz3000_b7bxojrg","TS0601","2","climate_sensor, switch_1gang"
"_tz3000_bb6xaihh","TS0601","2","climate_sensor, switch_1gang"
"_tz3000_bep7ccew","TS0201","2","climate_sensor, plug_energy_monitor"
"_tz3000_bep7ccew","TS0601","2","climate_sensor, plug_energy_monitor"
"_TZ3000_bfn1w0mm","TS0201","2","climate_sensor, plug_energy_monitor"
"_TZ3000_bfn1w0mm","TS0601","2","climate_sensor, plug_energy_monitor"
"_TZ3000_bfopm9ga","TS0601","2","climate_sensor, water_leak_sensor"
"_TZ3000_bi6lpsew","TS0046","2","button_wireless_6, scene_switch_6"
"_tz3000_bmg14ax2","TS0601","2","climate_sensor, contact_sensor"
"_tz3000_bppxj3sf","TS0601","2","climate_sensor, switch_1gang"
"_tz3000_br3laukf","TS0601","2","climate_sensor, contact_sensor"
"_TZ3000_bs93npae","TS0601","2","climate_sensor, curtain_motor"
"_tz3000_bsvqrk3b","TS0222","2","climate_sensor, motion_sensor"
"_tz3000_bsvqrk3b","TS0225","2","climate_sensor, motion_sensor"
"_tz3000_bsvqrk3b","TS0601","2","climate_sensor, motion_sensor"
"_TZ3000_BSVQRUX3","TS0601","2","button_wireless_1, climate_sensor"
"_TZ3000_bvrlqyj7","TS0601","2","climate_sensor, switch_2gang"
"_TZ3000_bwlvyjwk","TS0601","2","climate_sensor, contact_sensor"
"_TZ3000_bzczr4e1","TS0601","2","climate_sensor, switch_1gang"
"_TZ3000_bzt33cyu","TS0601","2","climate_sensor, water_leak_sensor"
"_tz3000_bzxloft","TS0601","2","climate_sensor, contact_sensor"
"_tz3000_bzxlofth","TS0601","2","climate_sensor, contact_sensor"
"_tz3000_c7nc9w3c","TS0601","2","climate_sensor, switch_1gang"
"_TZ3000_c8ozah8n","TS0222","2","climate_sensor, motion_sensor"
"_TZ3000_c8ozah8n","TS0225","2","climate_sensor, motion_sensor"
"_TZ3000_c8ozah8n","TS0601","2","climate_sensor, motion_sensor"
"_TZ3000_cayepv1a","TS0001","2","din_rail_switch, smart_breaker"
"_TZ3000_cayepv1a","TS011F","2","din_rail_switch, smart_breaker"
"_tz3000_cayepv1a","TS0601","4","climate_sensor, din_rail_switch, smart_breaker, switch_4gang"
"_tz3000_cdamjqm9","TS0601","2","climate_sensor, switch_1gang"
"_TZ3000_cea5xugq","TS0601","2","climate_sensor, contact_sensor"
"_tz3000_cehuw1lw","TS0601","2","climate_sensor, usb_outlet_advanced"
"_tz3000_cicwjqth","TS0601","2","climate_sensor, plug_smart"
"_TZ3000_cipibmnp","TS0601","2","climate_sensor, switch_1gang"
"_TZ3000_cjfmu5he","TS0601","2","climate_sensor, contact_sensor"
"_TZ3000_cjrngdr3","TS0601","2","climate_sensor, contact_sensor"
"_TZ3000_CPHMQ0Q7","TS0121","2","plug_energy_monitor, plug_smart"
"_TZ3000_cphmq0q7","TS0601","3","fan_controller, plug_energy_monitor, plug_smart"
"_TZ3000_CSFLGQJ2","TS0601","2","button_wireless_1, climate_sensor"
"_TZ3000_ctbafvhm","TS0601","2","climate_sensor, curtain_motor"
"_TZ3000_CZUYT8LZ","TS0601","2","button_wireless_4, climate_sensor"
"_TZ3000_d16y6col","TS0601","2","climate_sensor, switch_1gang"
"_TZ3000_DECXRTWA","TS0210","2","contact_sensor, motion_sensor"
"_TZ3000_DECXRTWA","TS0601","2","contact_sensor, motion_sensor"
"_TZ3000_DFGBTUB0","TS0042","2","button_wireless_2, switch_wireless"
"_TZ3000_DFGBTUB0","TS0601","2","button_wireless_2, climate_sensor"
"_TZ3000_dksbtrzs","TS0601","2","climate_sensor, plug_smart"
"_TZ3000_DKU2CFSC","TS0601","2","button_wireless_1, climate_sensor"
"_tz3000_do6txrcw","TS0601","2","climate_sensor, contact_sensor"
"_tz3000_dpo1ysak","TS0201","2","climate_sensor, plug_energy_monitor"
"_tz3000_dpo1ysak","TS0601","2","climate_sensor, plug_energy_monitor"
"_TZ3000_DZIAICT4","TS0601","2","button_wireless_4, climate_sensor"
"_tz3000_e3vhyirx","TS0601","2","climate_sensor, curtain_motor"
"_TZ3000_e8cquwdk","TS0601","2","climate_sensor, switch_1gang"
"_TZ3000_e98krvvk","TS0601","2","climate_sensor, switch_1gang"
"_TZ3000_eafaa66e","TS0601","2","climate_sensor, contact_sensor"
"_TZ3000_eaj2e3tm","TS0601","2","climate_sensor, lock_smart"
"_TZ3000_EBAR5P3Z","TS0601","2","button_wireless_1, climate_sensor"
"_tz3000_ebar6ljy","TS0601","2","climate_sensor, contact_sensor"
"_TZ3000_EE8NRT2L","TS0601","2","button_wireless_4, climate_sensor"
"_TZ3000_eg7awg6a","TS0601","2","climate_sensor, curtain_motor"
"_TZ3000_ejwkn2h2","TS0601","2","climate_sensor, switch_1gang"
"_tz3000_ena8vgqb","TS0601","2","climate_sensor, switch_1gang"
"_TZ3000_ET7AFZXZ","TS0601","2","button_wireless_4, climate_sensor"
"_TZ3000_etx8inrk","TS0601","2","climate_sensor, switch_1gang"
"_tz3000_ew31dmgx","TS0601","2","climate_sensor, switch_1gang"
"_tz3000_ew3ldmgx","TS0201","2","climate_sensor, plug_energy_monitor"
"_tz3000_ew3ldmgx","TS0601","2","climate_sensor, plug_energy_monitor"
"_TZ3000_eyzb8yg3","TS0601","2","climate_sensor, switch_1gang"
"_TZ3000_f1bapcit","TS0601","2","climate_sensor, switch_1gang"
"_TZ3000_f8tmviy0","TS0601","2","climate_sensor, switch_1gang"
"_TZ3000_F97VQ5MN","TS0601","2","button_wireless_1, climate_sensor"
"_TZ3000_FA9MLVJA","TS0210","2","contact_sensor, motion_sensor"
"_tz3000_fa9mlvja","TS0222","2","climate_sensor, motion_sensor"
"_tz3000_fa9mlvja","TS0225","2","climate_sensor, motion_sensor"
"_tz3000_fa9mlvja","TS0601","3","climate_sensor, contact_sensor, motion_sensor"
"_TZ3000_FAMKXCI2","TS0601","2","button_wireless_3, switch_1gang"
"_tz3000_fccpjz5z","TS0601","2","climate_sensor, curtain_motor"
"_TZ3000_femsaaua","TS0601","2","climate_sensor, curtain_motor"
"_TZ3000_femsaiy7","TS0601","2","climate_sensor, lock_smart"
"_TZ3000_fjgwfl3z","TS0601","2","climate_sensor, dimmer_wall_1gang"
"_tz3000_fjt5218m","TS0601","2","climate_sensor, switch_1gang"
"_TZ3000_FKP5ZYHO","TS0601","2","button_wireless_1, climate_sensor"
"_TZ3000_FQ1SXFRJ","TS0601","2","button_wireless_2, climate_sensor"
"_tz3000_fqoynhku","TS0201","2","climate_sensor, plug_energy_monitor"
"_tz3000_fqoynhku","TS0601","2","climate_sensor, plug_energy_monitor"
"_tz3000_fvh3pjaz","TS0601","2","climate_sensor, dimmer_wall_1gang"
"_tz3000_g","TS0601","2","climate_sensor, switch_1gang"
"_tz3000_g1pzicmq","TS0601","2","climate_sensor, plug_smart"
"_TZ3000_G5XAWFCQ","TS0121","2","plug_energy_monitor, plug_smart"
"_TZ3000_G5XAWFCQ","TS0601","2","plug_energy_monitor, plug_smart"
"_TZ3000_gbm10jnj","TS0012","2","scene_switch_2, switch_1gang"
"_tz3000_gbm10jnj","TS0601","2","climate_sensor, switch_1gang"
"_tz3000_gdkes7es","TS0601","2","climate_sensor, lock_smart"
"_tz3000_gek6snaj","TS0601","2","climate_sensor, led_strip"
"_tz3000_ghi789","TS0601","2","climate_sensor, switch_1gang"
"_TZ3000_gidy6sjs","TS0601","2","climate_sensor, switch_1gang"
"_TZ3000_GJNOZSAZ","TS011F","2","plug_energy_monitor, switch_plug_1"
"_tz3000_gnjozsaz","TS0201","2","climate_sensor, plug_energy_monitor"
"_tz3000_gnjozsaz","TS0601","2","climate_sensor, plug_energy_monitor"
"_tz3000_gntwytxo","TS0601","2","climate_sensor, contact_sensor"
"_TZ3000_gvn91tmx","TS0201","2","climate_sensor, plug_energy_monitor"
"_TZ3000_gvn91tmx","TS0601","2","climate_sensor, plug_energy_monitor"
"_TZ3000_GWKZIBHS","TS0601","2","button_wireless_1, climate_sensor"
"_TZ3000_gznh2xla","TS0201","2","climate_sensor, plug_energy_monitor"
"_TZ3000_gznh2xla","TS0601","2","climate_sensor, plug_energy_monitor"
"_tz3000_h1c2eamp","TS0601","2","climate_sensor, switch_1gang"
"_TZ3000_h1jnz6l8","TS0601","2","climate_sensor, switch_1gang"
"_TZ3000_h4wnrtck","TS0222","2","climate_sensor, motion_sensor"
"_TZ3000_h4wnrtck","TS0225","2","climate_sensor, motion_sensor"
"_TZ3000_h4wnrtck","TS0601","2","climate_sensor, motion_sensor"
"_tz3000_hafsqare","TS0601","2","climate_sensor, switch_1gang"
"_TZ3000_HDC8BBHA","TS0601","2","climate_sensor, din_rail_switch"
"_tz3000_hdlpifbk","TS0601","2","climate_sensor, switch_1gang"
"_TZ3000_hdopuwv6","TS0201","2","climate_sensor, plug_energy_monitor"
"_TZ3000_hdopuwv6","TS0601","2","climate_sensor, plug_energy_monitor"
"_TZ3000_helyqdvs","TS0201","2","climate_sensor, plug_energy_monitor"
"_TZ3000_helyqdvs","TS0601","2","climate_sensor, plug_energy_monitor"
"_TZ3000_hgu1dlak","TS0601","2","climate_sensor, contact_sensor"
"_TZ3000_hhiodade","TS0601","2","climate_sensor, smoke_detector_advanced"
"_TZ3000_HKCPBLRS","TS0601","2","climate_sensor, contact_sensor"
"_tz3000_hkkkuk7k","TS0601","2","climate_sensor, switch_1gang"
"_TZ3000_hlwm8e96","TS0601","2","climate_sensor, switch_1gang"
"_tz3000_ho0cjoi2","TS0601","2","climate_sensor, switch_1gang"
"_TZ3000_HY6NCVMW","TS0222","2","climate_sensor, motion_sensor"
"_TZ3000_HY6NCVMW","TS0225","2","climate_sensor, motion_sensor"
"_TZ3000_HY6NCVMW","TS0601","2","climate_sensor, motion_sensor"
"_TZ3000_i3rjdrwu","TS0601","2","climate_sensor, switch_1gang"
"_tz3000_i8jfiezr","TS0601","2","climate_sensor, switch_1gang"
"_tz3000_iaxvag8w","TS0601","2","climate_sensor, switch_1gang"
"_TZ3000_it1hm1cr","TS0601","2","climate_sensor, switch_1gang"
"_TZ3000_IXLA93VD","TS0041","2","button_wireless_1, switch_wireless"
"_TZ3000_IXLA93VD","TS0601","2","button_wireless_1, climate_sensor"
"_TZ3000_IY2C3N6P","TS0601","2","button_wireless_3, climate_sensor"
"_TZ3000_j1v25l17","TS0601","2","climate_sensor, plug_smart"
"_TZ3000_j1xl73iw","TS0601","2","climate_sensor, curtain_motor"
"_tz3000_j2w1dw29","TS0601","2","climate_sensor, contact_sensor"
"_TZ3000_J61X9RXN","TS0601","2","button_wireless_4, climate_sensor"
"_TZ3000_j9568h44","TS0601","2","climate_sensor, switch_1gang"
"_TZ3000_JA5OSU5G","TS0041","2","button_wireless_1, button_wireless_4"
"_TZ3000_JA5OSU5G","TS0601","3","button_wireless_1, button_wireless_4, climate_sensor"
"_TZ3000_jckxip3g","TS0601","2","climate_sensor, scene_switch_4"
"_TZ3000_jcspr0tp","TS0601","2","climate_sensor, switch_2gang"
"_TZ3000_ji4araar","TS0001","2","din_rail_switch, smart_breaker"
"_TZ3000_ji4araar","TS011F","2","din_rail_switch, smart_breaker"
"_TZ3000_JI4ARAAR","TS0601","3","climate_sensor, din_rail_switch, smart_breaker"
"_tz3000_jmrgyl7o","TS0222","2","climate_sensor, motion_sensor"
"_tz3000_jmrgyl7o","TS0225","2","climate_sensor, motion_sensor"
"_tz3000_jmrgyl7o","TS0601","2","climate_sensor, motion_sensor"
"_TZ3000_jqge2fjx","TS0601","2","climate_sensor, contact_sensor"
"_tz3000_jrpdaujd","TS0601","2","climate_sensor, switch_1gang"
"_tz3000_jwv3cwak","TS0601","2","climate_sensor, curtain_motor"
"_TZ3000_k1msavlx","TS0601","2","climate_sensor, rain_sensor"
"_tz3000_k4ej3ww2","TS0601","2","climate_sensor, water_leak_sensor"
"_tz3000_k6fvknrr","TS0201","2","climate_sensor, plug_energy_monitor"
"_tz3000_k6fvknrr","TS0601","2","climate_sensor, plug_energy_monitor"
"_TZ3000_KDI2O9M6","TS0111","2","dimmer_wall_1gang, plug_smart"
"_TZ3000_kdi2o9m6","TS0601","3","climate_sensor, dimmer_wall_1gang, plug_smart"
"_TZ3000_KE_X0OO3","TS0601","2","button_wireless_1, climate_sensor"
"_tz3000_keayt8ol","TS0601","2","climate_sensor, contact_sensor"
"_TZ3000_KFU8ZAPD","TS0601","2","button_wireless_4, climate_sensor"
"_TZ3000_kgxej1dv","TS0601","2","climate_sensor, switch_2gang"
"_tz3000_KJ0NWDZ6","TS0601","2","climate_sensor, switch_1gang"
"_TZ3000_KJFZUYCL","TS0601","2","button_wireless_4, climate_sensor"
"_TZ3000_kqvb5akv","TS0601","2","climate_sensor, gas_sensor"
"_TZ3000_kstbkt6a","TS0601","2","climate_sensor, water_leak_sensor"
"_tz3000_ksw8qtmt","TS0201","2","climate_sensor, plug_energy_monitor"
"_tz3000_ksw8qtmt","TS0601","2","climate_sensor, plug_energy_monitor"
"_TZ3000_ktuoyvt5","TS0601","2","climate_sensor, dimmer_wall_1gang"
"_tz3000_kx0pris5","TS0201","2","climate_sensor, plug_energy_monitor"
"_tz3000_kx0pris5","TS0601","2","climate_sensor, plug_energy_monitor"
"_TZ3000_ky0fq4ho","TS0225","2","climate_sensor, presence_sensor_radar"
"_TZ3000_ky0fq4ho","TS0601","2","climate_sensor, presence_sensor_radar"
"_TZ3000_l6iqph4f","TS0601","2","climate_sensor, curtain_motor"
"_tz3000_lbtpiody","TS0601","2","climate_sensor, switch_1gang"
"_TZ3000_lepzuhto","TS0201","2","climate_sensor, plug_energy_monitor"
"_TZ3000_lepzuhto","TS0601","2","climate_sensor, plug_energy_monitor"
"_tz3000_lf56vpxj","TS0210","2","motion_sensor, vibration_sensor"
"_tz3000_lf56vpxj","TS0601","2","motion_sensor, vibration_sensor"
"_tz3000_lfa05ajd","TS0601","2","climate_sensor, switch_1gang"
"_TZ3000_llfaquvp","TS0601","2","climate_sensor, switch_1gang"
"_tz3000_lltemgsf","TS0222","2","climate_sensor, motion_sensor"
"_tz3000_lltemgsf","TS0225","2","climate_sensor, motion_sensor"
"_tz3000_lltemgsf","TS0601","2","climate_sensor, motion_sensor"
"_tz3000_lrgccsxm","TS0601","2","climate_sensor, switch_1gang"
"_tz3000_ltt60asa","TS0601","2","climate_sensor, gas_sensor"
"_tz3000_LUGASWF8","TS0601","2","climate_sensor, smoke_detector_advanced"
"_TZ3000_lupfd8zu","TS0601","2","climate_sensor, switch_1gang"
"_TZ3000_LVHY15IX","TS0601","2","climate_sensor, switch_3gang"
"_TZ3000_lwlhprgx","TS0601","2","climate_sensor, switch_1gang"
"_tz3000_lxw3zcdk","TS0601","2","climate_sensor, switch_1gang"
"_tz3000_majwnphg","TS0601","2","climate_sensor, switch_1gang"
"_TZ3000_mg4dy6z6","TS0222","2","climate_sensor, motion_sensor"
"_TZ3000_mg4dy6z6","TS0225","2","climate_sensor, motion_sensor"
"_TZ3000_mg4dy6z6","TS0601","2","climate_sensor, motion_sensor"
"_TZ3000_MH9PX7CQ","TS0601","2","button_wireless_4, climate_sensor"
"_tz3000_mklgayek","TS0601","2","climate_sensor, switch_2gang"
"_tz3000_mmtwjmaq","TS0222","2","climate_sensor, motion_sensor"
"_tz3000_mmtwjmaq","TS0225","2","climate_sensor, motion_sensor"
"_tz3000_mmtwjmaq","TS0601","2","climate_sensor, motion_sensor"
"_TZ3000_mraovvmm","TS0201","2","climate_sensor, plug_energy_monitor"
"_TZ3000_mraovvmm","TS0601","2","climate_sensor, plug_energy_monitor"
"_tz3000_mrqea2uu","TS0601","2","climate_sensor, switch_2gang"
"_TZ3000_msl2rxjn","TS0601","2","climate_sensor, contact_sensor"
"_tz3000_mvn6jl7x","TS0201","2","climate_sensor, plug_energy_monitor"
"_tz3000_mvn6jl7x","TS0601","2","climate_sensor, plug_energy_monitor"
"_tz3000_mvvw8wnx","TS0601","2","climate_sensor, plug_smart"
"_TZ3000_mw1pqqqt","TS0601","2","climate_sensor, switch_3gang"
"_TZ3000_nbnmw9nc","TS0601","2","climate_sensor, contact_sensor"
"_tz3000_nedis","TS0201","2","climate_sensor, plug_energy_monitor"
"_tz3000_nedis","TS0601","2","climate_sensor, plug_energy_monitor"
"_tz3000_neo2aqj4","TS0601","2","climate_sensor, switch_1gang"
"_TZ3000_nkcobies","TS0601","2","climate_sensor, plug_smart"
"_TZ3000_nkkl7uzv","TS0601","2","climate_sensor, water_leak_sensor"
"_tz3000_nlsszmzl","TS0601","2","climate_sensor, water_leak_sensor"
"_tz3000_npzfdzhq","TS0601","2","climate_sensor, switch_1gang"
"_tz3000_nrfkrgf4","TS0601","2","climate_sensor, switch_1gang"
"_TZ3000_nta0gb8h","TS0601","2","climate_sensor, switch_1gang"
"_TZ3000_NUOMBROO","TS0601","2","button_wireless_4, climate_sensor"
"_TZ3000_NXDZIQZC","TS0601","2","button_wireless_1, climate_sensor"
"_TZ3000_O1JZCXOU","TS0601","2","climate_sensor, gateway_zigbee_bridge"
"_TZ3000_O4MKAHKC","TS0210","2","contact_sensor, motion_sensor"
"_TZ3000_o4mkahkc","TS0222","2","climate_sensor, motion_sensor"
"_TZ3000_o4mkahkc","TS0225","2","climate_sensor, motion_sensor"
"_TZ3000_o4mkahkc","TS0601","3","climate_sensor, contact_sensor, motion_sensor"
"_TZ3000_oaq83gqc","TS0601","2","climate_sensor, switch_1gang"
"_tz3000_oborybow","TS0601","2","climate_sensor, dimmer_wall_1gang"
"_tz3000_oex7egmt","TS0601","2","climate_sensor, switch_1gang"
"_tz3000_oikiyf3b","TS0601","2","climate_sensor, switch_1gang"
"_TZ3000_oiymh3qu","TS0201","2","climate_sensor, plug_energy_monitor"
"_TZ3000_oiymh3qu","TS0601","2","climate_sensor, plug_energy_monitor"
"_TZ3000_okaz9tjs","TS0115","2","plug_smart, usb_outlet_advanced"
"_TZ3000_okaz9tjs","TS0121","3","plug_energy_monitor, plug_smart, usb_outlet_advanced"
"_TZ3000_okaz9tjs","TS0601","3","plug_energy_monitor, plug_smart, usb_outlet_advanced"
"_TZ3000_OSU834UN","TS0210","2","contact_sensor, vibration_sensor"
"_tz3000_osu834un","TS0601","3","climate_sensor, contact_sensor, vibration_sensor"
"_TZ3000_OWGCNKRH","TS0041","2","button_wireless_1, button_wireless_4"
"_TZ3000_OWGCNKRH","TS0601","3","button_wireless_1, button_wireless_4, climate_sensor"
"_tz3000_oznonj5q","TS0601","2","climate_sensor, switch_1gang"
"_TZ3000_p8alo7qa","TS0601","2","climate_sensor, contact_sensor"
"_TZ3000_PCQJMCUD","TS0601","2","button_wireless_4, climate_sensor"
"_TZ3000_pdevogdj","TS0601","2","climate_sensor, switch_1gang"
"_TZ3000_pfc7i3kt","TS0601","2","climate_sensor, plug_smart"
"_TZ3000_pgcclddi","TS0601","2","climate_sensor, switch_2gang"
"_tz3000_pirddkfc","TS0222","2","climate_sensor, motion_sensor"
"_tz3000_pirddkfc","TS0225","2","climate_sensor, motion_sensor"
"_tz3000_pirddkfc","TS0601","2","climate_sensor, motion_sensor"
"_tz3000_pjcqjtev","TS0601","2","climate_sensor, plug_smart"
"_TZ3000_pkeqinnt","TS0601","2","climate_sensor, switch_1gang"
"_tz3000_plyvnuf5","TS0601","2","climate_sensor, plug_smart"
"_tz3000_pmvbt5hh","TS0601","2","climate_sensor, switch_1gang"
"_TZ3000_pmz6mjyu","TS0601","2","climate_sensor, switch_2gang"
"_TZ3000_pnzfdr9y","TS0601","2","climate_sensor, switch_1gang"
"_tz3000_prd023wy","TS0601","2","climate_sensor, switch_1gang"
"_TZ3000_PRITS6G4","TS0601","2","climate_sensor, switch_1gang"
"_tz3000_pvlvoxvt","TS0201","2","climate_sensor, plug_energy_monitor"
"_tz3000_pvlvoxvt","TS0601","2","climate_sensor, plug_energy_monitor"
"_TZ3000_pzui3skt","TS0601","2","climate_sensor, contact_sensor"
"_tz3000_q50zhdsc","TS0601","2","climate_sensor, contact_sensor"
"_TZ3000_q68478x7","TS0601","2","climate_sensor, switch_1gang"
"_TZ3000_qcdqw8nf","TS0601","2","climate_sensor, plug_smart"
"_TZ3000_qcgw8qfa","TS0601","2","climate_sensor, switch_2gang"
"_TZ3000_qeuvnohg","TS011F","2","din_rail_meter, plug_energy_monitor"
"_TZ3000_qeuvnohg","TS0201","2","climate_sensor, plug_energy_monitor"
"_TZ3000_qeuvnohg","TS0601","4","climate_sensor, din_rail_meter, plug_energy_monitor, power_clamp_meter"
"_tz3000_qewo8dlz","TS0601","2","climate_sensor, switch_1gang"
"_TZ3000_QGWCXXWS","TS0601","2","button_wireless_1, climate_sensor"
"_TZ3000_qhozxs2b","TS0601","2","climate_sensor, water_leak_sensor"
"_TZ3000_QJA6NQ5Z","TS0601","2","button_wireless_1, climate_sensor"
"_TZ3000_qlmnxmac","TS0201","2","climate_sensor, plug_energy_monitor"
"_TZ3000_qlmnxmac","TS0601","2","climate_sensor, plug_energy_monitor"
"_TZ3000_qomxlryd","TS0222","2","climate_sensor, motion_sensor"
"_TZ3000_qomxlryd","TS0225","2","climate_sensor, motion_sensor"
"_TZ3000_qomxlryd","TS0601","2","climate_sensor, motion_sensor"
"_tz3000_qrldbmfn","TS0601","2","climate_sensor, contact_sensor"
"_TZ3000_qystbcjg","TS0001","2","din_rail_switch, pool_pump"
"_TZ3000_qystbcjg","TS011F","3","din_rail_switch, plug_energy_monitor, pool_pump"
"_tz3000_qystbcjg","TS0201","2","climate_sensor, plug_energy_monitor"
"_tz3000_qystbcjg","TS0601","4","climate_sensor, din_rail_switch, plug_energy_monitor, pool_pump"
"_tz3000_r0pmi2p3","TS0601","2","climate_sensor, switch_1gang"
"_TZ3000_r6buo8ba","TS0201","2","climate_sensor, plug_energy_monitor"
"_TZ3000_r6buo8ba","TS0601","2","climate_sensor, plug_energy_monitor"
"_TZ3000_r9e2w7dn","TS0601","2","climate_sensor, lock_smart"
"_tz3000_raviyuvk","TS0201","2","climate_sensor, plug_energy_monitor"
"_tz3000_raviyuvk","TS0601","2","climate_sensor, plug_energy_monitor"
"_TZ3000_RCO1YZB1","TS0601","2","button_wireless_1, climate_sensor"
"_TZ3000_RCUYHWE3","TS0210","2","contact_sensor, motion_sensor"
"_tz3000_rcuyhwe3","TS0222","2","climate_sensor, motion_sensor"
"_tz3000_rcuyhwe3","TS0225","2","climate_sensor, motion_sensor"
"_tz3000_rcuyhwe3","TS0601","3","climate_sensor, contact_sensor, motion_sensor"
"_TZ3000_rdfh8cfs","TS0601","2","climate_sensor, switch_1gang"
"_TZ3000_RDTIXBNU","TS0121","2","plug_energy_monitor, plug_smart"
"_TZ3000_RDTIXBNU","TS0601","2","plug_energy_monitor, plug_smart"
"_TZ3000_rgchmad8","TS0601","2","climate_sensor, contact_sensor"
"_tz3000_rid8lzvo","TS0601","2","climate_sensor, contact_sensor"
"_TZ3000_riwp3k79","TS0601","2","climate_sensor, led_strip_advanced"
"_tz3000_rmiew70n","TS0601","2","climate_sensor, switch_2gang"
"_TZ3000_rrjr1q0u","TS0601","2","climate_sensor, dimmer_wall_1gang"
"_TZ3000_RULDV5DT","TS0601","2","climate_sensor, switch_2gang"
"_TZ3000_rylaozuc","TS0601","2","climate_sensor, contact_sensor"
"_TZ3000_s0i14ubi","TS0601","2","climate_sensor, switch_1gang"
"_TZ3000_s8r1qoyq","TS0601","2","climate_sensor, contact_sensor"
"_tz3000_sdklhkrs","TS0601","2","climate_sensor, dimmer_wall_1gang"
"_tz3000_sfc7ztze","TS0601","2","climate_sensor, dimmer_wall_1gang"
"_tz3000_sj7jbgks","TS0601","2","climate_sensor, switch_1gang"
"_tz3000_sjpl9eg3","TS0601","2","climate_sensor, switch_1gang"
"_tz3000_ss98ec5d","TS0201","2","climate_sensor, plug_energy_monitor"
"_tz3000_ss98ec5d","TS0601","2","climate_sensor, plug_energy_monitor"
"_TZ3000_SSP0MAQM","TS0601","2","button_wireless_1, climate_sensor"
"_tz3000_svoqrno4","TS0601","2","climate_sensor, switch_1gang"
"_tz3000_svosnzmu","TS0601","2","climate_sensor, dimmer_wall_1gang"
"_TZ3000_t6jriawg","TS0601","2","climate_sensor, water_leak_sensor"
"_TZ3000_t8hzpgnd","TS0601","2","climate_sensor, switch_1gang"
"_TZ3000_taspddvq","TS0601","2","climate_sensor, contact_sensor"
"_TZ3000_TGDDLLX4","TS0601","2","climate_sensor, switch_1gang"
"_TZ3000_th6zqqy6","TS0601","2","climate_sensor, contact_sensor"
"_tz3000_thhxrept","TS0601","2","climate_sensor, switch_1gang"
"_TZ3000_timx9ivq","TS0601","2","climate_sensor, contact_sensor"
"_TZ3000_tiwq83wk","TS0222","2","climate_sensor, motion_sensor"
"_TZ3000_tiwq83wk","TS0225","2","climate_sensor, motion_sensor"
"_TZ3000_tiwq83wk","TS0601","2","climate_sensor, motion_sensor"
"_tz3000_tk3s5tya","TS0601","2","climate_sensor, switch_1gang"
"_tz3000_tqlv4ez4","TS0601","2","climate_sensor, switch_1gang"
"_TZ3000_ts004f","TS0601","2","climate_sensor, switch_1gang"
"_TZ3000_tvuarksa","TS0201","2","climate_sensor, plug_energy_monitor"
"_TZ3000_tvuarksa","TS0601","2","climate_sensor, plug_energy_monitor"
"_TZ3000_TXPIRHFQ","TS0601","2","climate_sensor, switch_1gang"
"_TZ3000_txpitre5","TS0601","2","climate_sensor, switch_1gang"
"_tz3000_tygpud44","TS0601","2","climate_sensor, switch_1gang"
"_TZ3000_TYPDPBPG","TS011F","2","plug_energy_monitor, switch_plug_1"
"_TZ3000_TYPDPBPG","TS0121","2","plug_energy_monitor, plug_smart"
"_TZ3000_TYPDPBPG","TS0601","2","plug_energy_monitor, plug_smart"
"_TZ3000_typdpdpg","TS0201","2","climate_sensor, plug_energy_monitor"
"_TZ3000_typdpdpg","TS0601","2","climate_sensor, plug_energy_monitor"
"_TZ3000_tzvbimpq","TS0601","2","climate_sensor, switch_2gang"
"_TZ3000_u1rkajsr","TS0201","2","climate_sensor, plug_energy_monitor"
"_TZ3000_u1rkajsr","TS0601","2","climate_sensor, plug_energy_monitor"
"_TZ3000_U3NV1JWK","TS0601","2","button_wireless_4, climate_sensor"
"_TZ3000_UAA99ARV","TS0601","2","button_wireless_4, climate_sensor"
"_TZ3000_udyjylt7","TS0601","2","climate_sensor, contact_sensor"
"_TZ3000_UFHTXR59","TS0601","2","button_wireless_4, climate_sensor"
"_TZ3000_uim07oem","TS0222","2","climate_sensor, motion_sensor"
"_TZ3000_uim07oem","TS0225","2","climate_sensor, motion_sensor"
"_TZ3000_uim07oem","TS0601","2","climate_sensor, motion_sensor"
"_tz3000_upgcbody","TS0601","2","climate_sensor, water_leak_sensor"
"_tz3000_upjrsxh1","TS0601","2","climate_sensor, switch_1gang"
"_tz3000_upjrxmsr","TS0601","2","climate_sensor, plug_smart"
"_TZ3000_URI7BER7","TS0601","2","button_wireless_1, climate_sensor"
"_TZ3000_URI7OADN","TS0601","2","button_wireless_1, climate_sensor"
"_TZ3000_URI7ONGN","TS0601","2","button_wireless_1, climate_sensor"
"_tz3000_uvti8nkd","TS0601","2","climate_sensor, contact_sensor"
"_TZ3000_uwaort14","TS0201","2","climate_sensor, plug_energy_monitor"
"_TZ3000_uwaort14","TS0601","2","climate_sensor, plug_energy_monitor"
"_TZ3000_uxuxkcvd","TS0601","2","climate_sensor, switch_1gang"
"_TZ3000_v7chgqso","TS0601","2","climate_sensor, contact_sensor"
"_tz3000_v7fkcekx","TS0601","2","climate_sensor, switch_1gang"
"_tz3000_v7sopte0","TS0601","2","climate_sensor, switch_1gang"
"_tz3000_vd43bbfq","TS0601","2","climate_sensor, curtain_motor"
"_tz3000_vjhcenzw","TS0601","2","climate_sensor, switch_1gang"
"_TZ3000_VP6CLF9D","TS0601","2","button_wireless_4, climate_sensor"
"_tz3000_vtscrpmw","TS0201","2","climate_sensor, plug_energy_monitor"
"_tz3000_vtscrpmw","TS0601","2","climate_sensor, plug_energy_monitor"
"_tz3000_VTSCRPMX","TS0201","2","climate_sensor, plug_energy_monitor"
"_tz3000_VTSCRPMX","TS0601","3","climate_sensor, plug_energy_monitor, switch_1gang"
"_tz3000_vvlivusi","TS0601","2","climate_sensor, switch_1gang"
"_tz3000_vw8pawxa","TS0601","2","climate_sensor, curtain_motor"
"_TZ3000_vzopcetz","TS0201","2","climate_sensor, plug_energy_monitor"
"_TZ3000_vzopcetz","TS0601","2","climate_sensor, plug_energy_monitor"
"_TZ3000_W0QQDE0G","TS0121","2","plug_energy_monitor, plug_smart"
"_TZ3000_W0QQDE0G","TS0601","2","plug_energy_monitor, plug_smart"
"_TZ3000_w3c7ouru","TS0601","2","climate_sensor, switch_1gang"
"_TZ3000_W4THIANR","TS0601","2","button_wireless_4, climate_sensor"
"_tz3000_waho4jtj","TS0601","2","climate_sensor, plug_smart"
"_tz3000_wamqdr3f","TS0601","2","climate_sensor, plug_smart"
"_tz3000_wbfgbpxq","TS0601","2","climate_sensor, switch_1gang"
"_TZ3000_WKAI4GA5","TS0601","2","button_wireless_4, climate_sensor"
"_tz3000_wptayaqr","TS0601","2","climate_sensor, contact_sensor"
"_tz3000_wqcbzbae","TS0601","2","climate_sensor, switch_1gang"
"_TZ3000_wuep9zng","TS0601","2","climate_sensor, water_leak_sensor"
"_TZ3000_wut53hfm","TS0601","2","climate_sensor, contact_sensor"
"_tz3000_WW6DRJA5","TS0601","3","climate_sensor, gas_sensor, plug_smart"
"_TZ3000_WXTP7C5Y","TS011F","2","plug_energy_monitor, switch_plug_2"
"_tz3000_wxtp7c5y","TS0201","2","climate_sensor, plug_energy_monitor"
"_tz3000_wxtp7c5y","TS0601","2","climate_sensor, plug_energy_monitor"
"_TZ3000_wyhuocal","TS0601","2","climate_sensor, contact_sensor"
"_tz3000_wzauvbcs","TS0601","2","climate_sensor, switch_1gang"
"_tz3000_x8q36xwf","TS0601","2","climate_sensor, contact_sensor"
"_TZ3000_XABCKQ1V","TS0601","2","button_wireless_4, climate_sensor"
"_tz3000_xiuox57i","TS0601","2","climate_sensor, switch_1gang"
"_TZ3000_xk5udnd6","TS0601","2","climate_sensor, switch_2gang"
"_TZ3000_xkap8wtb","TS0601","3","climate_sensor, din_rail_meter, switch_2gang"
"_tz3000_xpq2nmkr","TS0601","2","climate_sensor, contact_sensor"
"_TZ3000_xrqsdxq6","TS0601","2","climate_sensor, switch_1gang"
"_tz3000_xwuveizv","TS0601","2","climate_sensor, switch_1gang"
"_tz3000_y4che4dc","TS0601","2","climate_sensor, switch_1gang"
"_tz3000_y56pgpgs","TS0222","2","climate_sensor, motion_sensor"
"_tz3000_y56pgpgs","TS0225","2","climate_sensor, motion_sensor"
"_tz3000_y56pgpgs","TS0601","2","climate_sensor, motion_sensor"
"_tz3000_yfekcy3n","TS0601","2","climate_sensor, contact_sensor"
"_tz3000_ygvf9xzp","TS0601","2","climate_sensor, switch_1gang"
"_TZ3000_yhagrqmd","TS0601","2","climate_sensor, switch_1gang"
"_TZ3000_yirp2pgd","TS0601","2","climate_sensor, switch_1gang"
"_TZ3000_YJ6K7VFO","TS0601","2","button_wireless_1, climate_sensor"
"_tz3000_ykwcwxmz","TS0222","2","climate_sensor, motion_sensor"
"_tz3000_ykwcwxmz","TS0225","2","climate_sensor, motion_sensor"
"_tz3000_ykwcwxmz","TS0601","2","climate_sensor, motion_sensor"
"_TZ3000_yl3zuyaw","TS0601","2","climate_sensor, switch_1gang"
"_tz3000_ynmowqk2","TS0201","2","climate_sensor, plug_energy_monitor"
"_tz3000_ynmowqk2","TS0601","2","climate_sensor, plug_energy_monitor"
"_TZ3000_yruungrl","TS0601","2","climate_sensor, curtain_motor"
"_tz3000_yujkchbz","TS0601","2","climate_sensor, plug_smart"
"_tz3000_yw5tvzsk","TS0601","2","climate_sensor, switch_1gang"
"_TZ3000_yxqnffam","TS0601","2","climate_sensor, contact_sensor"
"_TZ3000_zfmxvprs","TS0601","2","climate_sensor, switch_1gang"
"_tz3000_zgrffiwg","TS0601","2","climate_sensor, contact_sensor"
"_TZ3000_ZGYZGDUA","TS0044","2","button_wireless_4, scene_switch_4"
"_TZ3000_ZGYZGDUA","TS0601","2","button_wireless_4, scene_switch_4"
"_tz3000_zirycpws","TS0601","2","climate_sensor, curtain_motor"
"_TZ3000_zjtxnoft","TS0601","2","climate_sensor, dimmer_wall_1gang"
"_TZ3000_ZLOSO4JK","TS011F","2","plug_energy_monitor, switch_plug_2"
"_tz3000_zloso4jk","TS0201","2","climate_sensor, plug_energy_monitor"
"_tz3000_zloso4jk","TS0601","2","climate_sensor, plug_energy_monitor"
"_TZ3000_zmlunnhy","TS0601","2","climate_sensor, switch_1gang"
"_TZ3000_ZMY4LSLW","TS0601","2","climate_sensor, switch_1gang"
"_tz3000_zrm3oxsh","TS0601","2","climate_sensor, rain_sensor"
"_TZ3000_zutizvyk","TS0601","2","climate_sensor, contact_sensor"
"_tz3000_zutizvykTS0203","TS0601","2","climate_sensor, contact_sensor"
"_TZ3000_zw7yf6yk","TS0601","2","climate_sensor, switch_1gang"
"_TZ3000_zwaadvus","TS0201","2","climate_sensor, plug_energy_monitor"
"_TZ3000_zwaadvus","TS0601","2","climate_sensor, plug_energy_monitor"
"_TZ3002_1s0vfmtv","TS0601","2","climate_sensor, switch_2gang"
"_tz3002_6ahhkwyh","TS0601","2","climate_sensor, switch_2gang"
"_TZ3002_9vcekkp1","TS0601","2","climate_sensor, switch_2gang"
"_tz3002_aewsvjcu","TS0601","2","climate_sensor, switch_2gang"
"_TZ3002_gdwja9a7","TS0601","2","climate_sensor, switch_2gang"
"_tz3002_iedhxgyi","TS0601","2","climate_sensor, switch_2gang"
"_TZ3002_JN2X20TG","TS0601","2","climate_sensor, switch_2gang"
"_tz3002_kq3kqwjt","TS0601","2","climate_sensor, switch_2gang"
"_TZ3002_m3pafcnk","TS0601","2","climate_sensor, switch_2gang"
"_TZ3002_phu8ygaw","TS0601","2","climate_sensor, switch_2gang"
"_TZ3002_pzao9ls1","TS0601","3","climate_sensor, switch_2gang, switch_4gang"
"_TZ3002_rbnycsav","TS0601","2","climate_sensor, switch_2gang"
"_tz3002_sal078g8","TS0601","2","climate_sensor, gas_sensor"
"_tz3002_sfh0jtz0","TS0601","2","climate_sensor, gas_sensor"
"_TZ3002_umdkr64x","TS0601","2","climate_sensor, switch_2gang"
"_tz3002_vaq2bfcu","TS0601","2","climate_sensor, switch_2gang"
"_tz3002_ymv5vytn","TS0601","2","climate_sensor, switch_2gang"
"_TZ3002_zjuvw9zf","TS0601","2","climate_sensor, switch_2gang"
"_TZ3040_bb6xaihh","TS0222","2","climate_sensor, motion_sensor"
"_TZ3040_bb6xaihh","TS0225","2","climate_sensor, motion_sensor"
"_TZ3040_bb6xaihh","TS0601","2","climate_sensor, motion_sensor"
"_TZ3040_FWXUZCF4","TS0601","2","button_wireless_4, climate_sensor"
"_TZ3040_msl6wxk9","TS0222","2","climate_sensor, motion_sensor"
"_TZ3040_msl6wxk9","TS0225","2","climate_sensor, motion_sensor"
"_TZ3040_msl6wxk9","TS0601","2","climate_sensor, motion_sensor"
"_TZ3040_wqmtjsyk","TS0222","2","climate_sensor, motion_sensor"
"_TZ3040_wqmtjsyk","TS0225","2","climate_sensor, motion_sensor"
"_TZ3040_wqmtjsyk","TS0601","2","climate_sensor, motion_sensor"
"_tz3210_09hzmirw","TS0601","2","climate_sensor, smoke_detector_advanced"
"_tz3210_0jxeoadc","TS0601","2","climate_sensor, contact_sensor"
"_TZ3210_0zabbfa","TS0601","2","climate_sensor, led_strip_rgbw"
"_TZ3210_0zabbfax","TS0601","2","climate_sensor, led_strip_rgbw"
"_TZ3210_1ac","TS0601","2","climate_sensor, plug_smart"
"_TZ3210_2ac","TS0601","2","climate_sensor, plug_smart"
"_tz3210_2DFY6TOL","TS0601","2","climate_sensor, dimmer_wall_1gang"
"_TZ3210_2uk4z8ce","TS0601","2","climate_sensor, dimmer_wall_1gang"
"_tz3210_3lbtuxgp","TS0601","2","climate_sensor, dimmer_wall_1gang"
"_TZ3210_3mpwqzuu","TS0601","2","climate_sensor, dimmer_wall_1gang"
"_TZ3210_3ULG9KPO","TS0601","2","button_wireless_1, climate_sensor"
"_TZ3210_4ubylghk","TS0601","2","climate_sensor, dimmer_dual_channel"
"_TZ3210_4UX0ONDB","TS0201","2","climate_sensor, plug_energy_monitor"
"_TZ3210_4UX0ONDB","TS0601","2","climate_sensor, plug_energy_monitor"
"_tz3210_4zinq6io","TS0601","2","climate_sensor, dimmer_wall_1gang"
"_tz3210_5ct6e7ye","TS0601","2","climate_sensor, dimmer_wall_1gang"
"_TZ3210_5rta89nj","TS0601","2","climate_sensor, dimmer_wall_1gang"
"_TZ3210_778drfdt","TS0601","2","climate_sensor, curtain_motor"
"_TZ3210_7jnk7l3k","TS0601","2","climate_sensor, plug_smart"
"_tz3210_7vgttna6","TS0601","2","climate_sensor, dimmer_wall_1gang"
"_tz3210_8n4dn1ne","TS0601","2","climate_sensor, dimmer_wall_1gang"
"_tz3210_95txyzbx","TS0601","2","climate_sensor, led_strip_rgbw"
"_tz3210_9q49basr","TS0601","2","climate_sensor, dimmer_wall_1gang"
"_tz3210_a04acm9s","TS0601","2","climate_sensor, dimmer_wall_1gang"
"_tz3210_agjx0pxt","TS0601","2","climate_sensor, dimmer_wall_1gang"
"_TZ3210_bfwvfyx1","TS0601","2","climate_sensor, contact_sensor"
"_TZ3210_c0s1xloa","TS0601","2","climate_sensor, dimmer_wall_1gang"
"_TZ3210_c2iwpxf1","TS0601","2","climate_sensor, dimmer_wall_1gang"
"_TZ3210_cehuw1lw","TS0201","2","climate_sensor, plug_energy_monitor"
"_TZ3210_cehuw1lw","TS0601","2","climate_sensor, plug_energy_monitor"
"_tz3210_cieijuw1","TS0601","2","climate_sensor, dimmer_wall_1gang"
"_tz3210_cwamkvua","TS0222","2","climate_sensor, motion_sensor"
"_tz3210_cwamkvua","TS0225","2","climate_sensor, motion_sensor"
"_tz3210_cwamkvua","TS0601","2","climate_sensor, motion_sensor"
"_tz3210_d062rv7j","TS0601","2","climate_sensor, dimmer_wall_1gang"
"_tz3210_dbilpfqk","TS0601","2","climate_sensor, curtain_motor"
"_tz3210_ddigca5n","TS0601","2","climate_sensor, dimmer_wall_1gang"
"_TZ3210_dn5higyl","TS0601","2","climate_sensor, dimmer_wall_1gang"
"_tz3210_dse8ogfy","TS0601","2","climate_sensor, dimmer_wall_1gang"
"_tz3210_dwytrmda","TS0601","2","climate_sensor, curtain_motor"
"_tz3210_dwzfzfjc","TS0601","2","climate_sensor, dimmer_wall_1gang"
"_tz3210_dxroobu3","TS0601","2","climate_sensor, curtain_motor"
"_tz3210_e5t9bfdv","TS0601","2","climate_sensor, dimmer_wall_1gang"
"_TZ3210_eejm8dcr","TS0601","3","climate_sensor, dimmer_wall_1gang, led_strip"
"_TZ3210_ejctepku","TS0601","2","climate_sensor, dimmer_wall_1gang"
"_TZ3210_emqmwtym","TS0601","2","climate_sensor, dimmer_wall_1gang"
"_TZ3210_eymunffl","TS0601","2","climate_sensor, dimmer_wall_1gang"
"_tz3210_f8dqbuze","TS0601","2","climate_sensor, dimmer_wall_1gang"
"_tz3210_frm6149r","TS0601","3","climate_sensor, curtain_motor, led_strip"
"_tz3210_guijtl8k","TS0601","2","climate_sensor, dimmer_wall_1gang"
"_TZ3210_hicxa0rh","TS0601","2","climate_sensor, dimmer_wall_1gang"
"_TZ3210_hquixjeg","TS0601","2","climate_sensor, dimmer_wall_1gang"
"_tz3210_huzkzqyk","TS0601","2","climate_sensor, dimmer_wall_1gang"
"_tz3210_hxtfthp5","TS0601","2","climate_sensor, dimmer_wall_1gang"
"_tz3210_i680rtja","TS0601","2","climate_sensor, dimmer_wall_1gang"
"_TZ3210_ifga63rg","TS0601","2","climate_sensor, dimmer_wall_1gang"
"_TZ3210_invesber","TS0601","2","climate_sensor, dimmer_wall_1gang"
"_tz3210_iw0zkcu8","TS0601","2","climate_sensor, dimmer_wall_1gang"
"_TZ3210_iystcadi","TS0601","2","climate_sensor, dimmer_wall_1gang"
"_TZ3210_J4PDTZ9V","TS0601","2","climate_sensor, curtain_motor"
"_tz3210_jd3z4yig","TS0601","2","climate_sensor, dimmer_wall_1gang"
"_TZ3210_jicmoite","TS0601","2","climate_sensor, curtain_motor"
"_tz3210_jijr1sss","TS0222","2","climate_sensor, motion_sensor"
"_tz3210_jijr1sss","TS0225","2","climate_sensor, motion_sensor"
"_tz3210_jijr1sss","TS0601","2","climate_sensor, motion_sensor"
"_TZ3210_jjqdqxfq","TS0601","2","climate_sensor, dimmer_wall_1gang"
"_TZ3210_jlf1nepw","TS0601","2","climate_sensor, dimmer_wall_1gang"
"_tz3210_jowhpxop","TS0601","2","climate_sensor, dimmer_wall_1gang"
"_TZ3210_jtifm80b","TS0601","2","climate_sensor, curtain_motor"
"_tz3210_k1msuvg6","TS0601","2","climate_sensor, dimmer_wall_1gang"
"_TZ3210_k1pe6ibm","TS0601","2","climate_sensor, dimmer_wall_1gang"
"_tz3210_ljoasixl","TS0601","2","climate_sensor, dimmer_wall_1gang"
"_tz3210_lzqq3u4r","TS0601","3","climate_sensor, dimmer_wall_1gang, fan_controller"
"_tz3210_mja6r5ix","TS0601","2","climate_sensor, dimmer_wall_1gang"
"_TZ3210_mt5xjoy6","TS0601","2","climate_sensor, dimmer_wall_1gang"
"_TZ3210_ngqk6jia","TS0601","2","climate_sensor, dimmer_wall_1gang"
"_tz3210_odlghna1","TS0601","2","climate_sensor, dimmer_wall_1gang"
"_tz3210_ol1uhvza","TS0601","2","climate_sensor, curtain_motor"
"_TZ3210_p68kms0l","TS0601","2","climate_sensor, dimmer_wall_1gang"
"_TZ3210_pagajpog","TS0601","2","climate_sensor, dimmer_dual_channel"
"_tz3210_r0xgkft5","TS0601","2","climate_sensor, led_strip_advanced"
"_TZ3210_rcggc0ys","TS0601","2","climate_sensor, dimmer_wall_1gang"
"_tz3210_rkgngb5o","TS0601","2","climate_sensor, dimmer_wall_1gang"
"_tz3210_RWMITWJ4","TS0601","2","climate_sensor, dimmer_wall_1gang"
"_TZ3210_syh4kuef","TS0601","2","climate_sensor, dimmer_wall_1gang"
"_tz3210_tfxwxklq","TS0601","2","climate_sensor, dimmer_wall_1gang"
"_tz3210_tgvtvdoc","TS0601","2","climate_sensor, rain_sensor"
"_tz3210_ttkgurpb","TS0601","2","climate_sensor, dimmer_wall_1gang"
"_tz3210_umi6vbsz","TS0601","2","climate_sensor, contact_sensor"
"_TZ3210_uos3hl9x","TS0601","2","climate_sensor, dimmer_wall_1gang"
"_TZ3210_urjf5u18","TS0601","2","climate_sensor, dimmer_wall_1gang"
"_tz3210_vfwhhldz","TS0601","2","climate_sensor, dimmer_wall_1gang"
"_TZ3210_weaqkhab","TS0601","2","climate_sensor, dimmer_wall_1gang"
"_TZ3210_wjz9epjd","TS0601","2","climate_sensor, dimmer_wall_1gang"
"_tz3210_wxa85bwk","TS0601","2","climate_sensor, dimmer_wall_1gang"
"_tz3210_x13bu7za","TS0601","2","climate_sensor, dimmer_wall_1gang"
"_TZ3210_xbpt8ewc","TS0601","2","climate_sensor, curtain_motor"
"_TZ3210_xwqng7ol","TS0601","2","climate_sensor, curtain_motor"
"_tz3210_ysfo0wla","TS0601","2","climate_sensor, dimmer_wall_1gang"
"_tz3210_z1vlyufu","TS0601","2","climate_sensor, dimmer_wall_1gang"
"_tz3210_zana8d08","TS0601","2","climate_sensor, curtain_motor"
"_TZ3210_zbabx9wh","TS0601","2","climate_sensor, contact_sensor"
"_tz3210_zdrhqmo0","TS0601","2","climate_sensor, dimmer_wall_1gang"
"_tz3210_zkhmztqn","TS0601","2","climate_sensor, dimmer_wall_1gang"
"_tz3210_zmppwawa","TS0601","2","climate_sensor, contact_sensor"
"_TZ3210_zmy9hjay","TS0601","2","climate_sensor, dimmer_wall_1gang"
"_TZ3210_zrvxvydd","TS0601","2","climate_sensor, dimmer_wall_1gang"
"_TZ3210_zxbtub8r","TS0601","2","climate_sensor, dimmer_wall_1gang"
"_TZ3218_7fiyo3kv","TS0001","2","switch_1gang, switch_temp_sensor"
"_TZ3218_7fiyo3kv","TS0011","2","switch_1gang, switch_temp_sensor"
"_TZ3218_7fiyo3kv","TS0601","2","climate_sensor, switch_1gang"
"_TZ3218_awarhusb","TS0225","2","climate_sensor, motion_sensor_radar_mmwave"
"_TZ3218_awarhusb","TS0601","2","climate_sensor, motion_sensor_radar_mmwave"
"_tz3218_t9ynfz4x","TS0225","2","climate_sensor, motion_sensor_radar_mmwave"
"_tz3218_t9ynfz4x","TS0601","2","climate_sensor, motion_sensor_radar_mmwave"
"_TZ321C_4slreunp","TS0225","2","climate_sensor, presence_sensor_radar"
"_TZ321C_4slreunp","TS0601","3","climate_sensor, generic_tuya, presence_sensor_radar"
"_tz321c_fkzihax8","TS0222","2","climate_sensor, motion_sensor"
"_tz321c_fkzihax8","TS0225","3","climate_sensor, motion_sensor, presence_sensor_radar"
"_tz321c_fkzihax8","TS0601","3","climate_sensor, motion_sensor, presence_sensor_radar"
"_TZ3290_785FBXIK","TS0601","2","button_wireless_4, climate_sensor"
"_TZ3290_7v1k4vufotpowp9z","TS0601","2","climate_sensor, ir_blaster"
"_tz3290_8xzb2ghn","TS0601","2","climate_sensor, gas_sensor"
"_TZ3290_acv1iuslxi3shaaj","TS0601","2","climate_sensor, ir_blaster"
"_TZ3290_ai4v11wr0mycyh7k","TS0601","2","climate_sensor, ir_blaster"
"_TZ3290_gnl5a6a5xvql7c2a","TS0601","2","climate_sensor, ir_blaster"
"_TZ3290_gnlsafc7","TS0601","2","climate_sensor, ir_blaster"
"_TZ3290_IXD9MVV4","TS0601","2","button_wireless_4, climate_sensor"
"_TZ3290_j37rooaxrcdcqo5n","TS0601","2","climate_sensor, ir_blaster"
"_TZ3290_NKPXAPOZ","TS0601","2","button_wireless_4, climate_sensor"
"_TZ3290_ot6ewjvmejq5ekhl","TS0601","2","climate_sensor, ir_blaster"
"_TZ3290_RLKMY85Q4PZOXOBL","TS0601","2","button_wireless_1, climate_sensor"
"_tz3290_s6ezpa3j","TS0601","2","climate_sensor, gas_sensor"
"_TZ3290_u9xac5rv","TS0601","2","climate_sensor, ir_blaster"
"_tz3290_uc8lwbi2","TS0601","2","climate_sensor, gas_sensor"
"_TZ3290_YYAX9AJF","TS0601","2","button_wireless_4, climate_sensor"
"_TZ3400_KEYJHAPK","TS0601","2","button_wireless, climate_sensor"
"_tzb000_42ha4rsc","TS0601","2","climate_sensor, curtain_motor"
"_tzb210_0bkzabht","TS0601","2","climate_sensor, curtain_motor"
"_TZB210_3owg3kkv","TS0601","2","climate_sensor, dimmer_wall_1gang"
"_tzb210_3zfp8mki","TS0601","2","climate_sensor, curtain_motor"
"_tzb210_417ikxay","TS0601","2","climate_sensor, curtain_motor"
"_tzb210_6eed09b9","TS0601","2","climate_sensor, generic_tuya"
"_tzb210_ayx58ft5","TS0601","2","climate_sensor, curtain_motor"
"_tzb210_eiwanbeb","TS0601","2","climate_sensor, curtain_motor"
"_tzb210_g01ie5wu","TS0601","2","climate_sensor, generic_tuya"
"_tzb210_gj0ccsar","TS0601","2","climate_sensor, curtain_motor"
"_tzb210_lmqquxus","TS0601","2","climate_sensor, curtain_motor"
"_tzb210_lnnkh3f9","TS0601","2","climate_sensor, generic_tuya"
"_tzb210_rkgngb5o","TS0601","2","climate_sensor, dimmer_dual_channel"
"_tzb210_rs0ufzwg","TS0601","2","climate_sensor, curtain_motor"
"_tzb210_ue01a0s2","TS0601","2","climate_sensor, curtain_motor"
"_tzb210_w9hcix2r","TS0601","2","climate_sensor, curtain_motor"
"_TZB210_wjz9epjd","TS0601","2","climate_sensor, dimmer_wall_1gang"
"_tzb210_wxazcmsh","TS0601","2","climate_sensor, curtain_motor"
"_tzb210_wy1pyu1q","TS0601","2","climate_sensor, curtain_motor"
"_tzb210_yatkpuha","TS0601","2","climate_sensor, curtain_motor"
"_tzb210_zmppwawa","TS0601","2","climate_sensor, contact_sensor"
"_TZE200_0dvm9mva","TS0601","2","climate_sensor, thermostat_tuya_dp"
"_TZE200_0hb4rdnp","TS0601","2","climate_sensor, dimmer_wall_1gang"
"_tze200_0hg58wyk","TS0601","2","climate_sensor, radiator_valve"
"_tze200_0zaf1cr8","TS0601","2","climate_sensor, smoke_detector_advanced"
"_TZE200_1ibpyhdc","TS0225","2","climate_sensor, motion_sensor_radar_mmwave"
"_TZE200_1ibpyhdc","TS0601","2","climate_sensor, motion_sensor_radar_mmwave"
"_tze200_2AAELWXK","TS0225","3","climate_sensor, motion_sensor_radar_mmwave, presence_sensor_radar"
"_tze200_2AAELWXK","TS0601","3","climate_sensor, motion_sensor_radar_mmwave, presence_sensor_radar"
"_TZE200_2EKUZ3DZ","TS0601","2","climate_sensor, thermostat_tuya_dp"
"_TZE200_2SE8EFXH","TS0601","2","climate_sensor, soil_sensor"
"_TZE200_2usb_socket","TS0201","2","climate_sensor, plug_energy_monitor"
"_TZE200_2usb_socket","TS0601","2","climate_sensor, plug_energy_monitor"
"_TZE200_3P5YDOS3","TS0601","2","climate_sensor, dimmer_wall_1gang"
"_TZE200_3T91NB6K","TS0601","2","climate_sensor, fingerprint_lock"
"_TZE200_3towulqd","TS0222","2","climate_sensor, motion_sensor"
"_TZE200_3towulqd","TS0225","3","climate_sensor, motion_sensor, presence_sensor_radar"
"_TZE200_3towulqd","TS0601","3","climate_sensor, motion_sensor, presence_sensor_radar"
"_TZE200_4mh6tyyo","TS0222","2","climate_sensor, motion_sensor"
"_TZE200_4mh6tyyo","TS0225","2","climate_sensor, motion_sensor"
"_TZE200_4mh6tyyo","TS0601","2","climate_sensor, motion_sensor"
"_tze200_4UTWOZ2","TS0601","2","climate_sensor, thermostat_tuya_dp"
"_tze200_4utwozi2","TS0601","2","climate_sensor, radiator_valve"
"_tze200_5b5noeto","TS0225","2","climate_sensor, motion_sensor_radar_mmwave"
"_tze200_5b5noeto","TS0601","2","climate_sensor, motion_sensor_radar_mmwave"
"_TZE200_5nldle7w","TS0601","2","climate_sensor, curtain_motor"
"_TZE200_5sbebbzs","TS0601","2","climate_sensor, curtain_motor"
"_TZE200_5toc8efa","TS0601","2","climate_sensor, radiator_valve"
"_TZE200_5zbp6j0u","TS0601","2","climate_sensor, curtain_motor"
"_TZE200_68nvbi09","TS0601","2","climate_sensor, curtain_motor"
"_TZE200_68nvbio9","TS0222","2","climate_sensor, motion_sensor"
"_TZE200_68nvbio9","TS0225","2","climate_sensor, motion_sensor"
"_TZE200_68nvbio9","TS0601","3","climate_sensor, motion_sensor, smart_breaker"
"_TZE200_6kijc7nd","TS0222","2","climate_sensor, motion_sensor"
"_TZE200_6kijc7nd","TS0225","2","climate_sensor, motion_sensor"
"_TZE200_6kijc7nd","TS0601","2","climate_sensor, motion_sensor"
"_TZE200_6rdj8dzm","TS0601","2","climate_sensor, radiator_valve"
"_TZE200_7bztmfm1","TS0601","2","air_purifier, climate_sensor"
"_TZE200_7hfcudw5","TS0222","2","climate_sensor, motion_sensor"
"_TZE200_7hfcudw5","TS0225","2","climate_sensor, motion_sensor"
"_TZE200_7hfcudw5","TS0601","2","climate_sensor, motion_sensor"
"_TZE200_7yoranx2","TS0601","2","climate_sensor, radiator_valve"
"_TZE200_8viydiwr","TS0222","2","climate_sensor, motion_sensor"
"_TZE200_8viydiwr","TS0225","2","climate_sensor, motion_sensor"
"_TZE200_8viydiwr","TS0601","2","climate_sensor, motion_sensor"
"_TZE200_9caxna4s","TS0601","2","climate_sensor, curtain_motor"
"_TZE200_9CQCPKGB","TS0601","2","climate_sensor, soil_sensor"
"_TZE200_9CXUHAKF","TS0201","2","air_quality_co2, climate_sensor"
"_TZE200_9CXUHAKF","TS0601","2","air_quality_co2, climate_sensor"
"_tze200_9mjy74mp","TS0601","2","climate_sensor, thermostat_tuya_dp"
"_TZE200_9vpe3fl1","TS0601","2","climate_sensor, curtain_motor"
"_TZE200_9xfjixap","TS0601","2","climate_sensor, radiator_valve"
"_tze200_a0syesf5","TS0601","3","climate_sensor, dimmer_wall_1gang, humidifier"
"_TZE200_a5zyjdpn","TS0601","2","fan_controller, pet_feeder"
"_TZE200_a7sghmms","TS0222","2","climate_sensor, motion_sensor"
"_TZE200_a7sghmms","TS0225","2","climate_sensor, motion_sensor"
"_TZE200_a7sghmms","TS0601","2","climate_sensor, motion_sensor"
"_tze200_akjefhj5","TS0222","2","climate_sensor, motion_sensor"
"_tze200_akjefhj5","TS0225","2","climate_sensor, motion_sensor"
"_tze200_akjefhj5","TS0601","2","climate_sensor, motion_sensor"
"_TZE200_amp6tsvy","TS0222","2","climate_sensor, motion_sensor"
"_TZE200_amp6tsvy","TS0225","2","climate_sensor, motion_sensor"
"_TZE200_amp6tsvy","TS0601","2","climate_sensor, motion_sensor"
"_tze200_aoclfnxz","TS0601","4","climate_sensor, radiator_valve, smart_breaker, smart_heater"
"_TZE200_aqnazj70","TS0001","2","din_rail_switch, smart_breaker"
"_TZE200_aqnazj70","TS011F","2","din_rail_switch, smart_breaker"
"_TZE200_AQNAZJ70","TS0601","3","climate_sensor, din_rail_switch, smart_breaker"
"_TZE200_ar0slwnd","TS0225","2","climate_sensor, motion_sensor_radar_mmwave"
"_TZE200_ar0slwnd","TS0601","2","climate_sensor, motion_sensor_radar_mmwave"
"_tze200_arge1ptm","TS0222","2","climate_sensor, motion_sensor"
"_tze200_arge1ptm","TS0225","2","climate_sensor, motion_sensor"
"_tze200_arge1ptm","TS0601","2","climate_sensor, motion_sensor"
"_TZE200_AUIN8MZR","TS0601","2","climate_sensor, gas_sensor"
"_TZE200_axgvo9jh","TS0601","2","climate_sensor, curtain_motor"
"_TZE200_b6wax7g0","TS0601","3","climate_sensor, radiator_valve, thermostat_tuya_dp"
"_TZE200_BH3N6GK8","TS0225","2","climate_sensor, presence_sensor_radar"
"_TZE200_BH3N6GK8","TS0601","2","climate_sensor, presence_sensor_radar"
"_tze200_bh4n9cluk","TS0222","2","climate_sensor, motion_sensor"
"_tze200_bh4n9cluk","TS0225","2","climate_sensor, motion_sensor"
"_tze200_bh4n9cluk","TS0601","2","climate_sensor, motion_sensor"
"_tze200_bjzrowv2","TS0222","2","climate_sensor, motion_sensor"
"_tze200_bjzrowv2","TS0225","2","climate_sensor, motion_sensor"
"_tze200_bjzrowv2","TS0601","2","climate_sensor, motion_sensor"
"_TZE200_BKKMQMYO","TS0601","3","climate_sensor, din_rail_meter, power_clamp_meter"
"_tze200_bmzphld8","TS0601","2","climate_sensor, lock_smart"
"_tze200_bqcqqjpb","TS0601","2","climate_sensor, curtain_motor"
"_TZE200_BVRLMAJK","TS0601","2","climate_sensor, thermostat_tuya_dp"
"_TZE200_bvu2wnxz","TS0601","2","climate_sensor, radiator_valve"
"_TZE200_BXOO2SWD","TS0601","2","dimmer_3gang, dimmer_dual_channel"
"_TZE200_BYZDAYIE","TS0601","3","climate_sensor, power_clamp_meter, smart_breaker"
"_tze200_cf1sl3tj","TS0222","2","climate_sensor, motion_sensor"
"_tze200_cf1sl3tj","TS0225","2","climate_sensor, motion_sensor"
"_tze200_cf1sl3tj","TS0601","2","climate_sensor, motion_sensor"
"_TZE200_CKUD7U2L","TS0601","2","climate_sensor, smart_heater"
"_tze200_clrdrnya","TS0225","2","climate_sensor, motion_sensor_radar_mmwave"
"_tze200_clrdrnya","TS0601","2","climate_sensor, motion_sensor_radar_mmwave"
"_TZE200_cowvfni3","TS0601","3","climate_sensor, curtain_motor, shutter_roller_controller"
"_TZE200_cpbo62rn","TS0222","2","climate_sensor, motion_sensor"
"_TZE200_cpbo62rn","TS0225","2","climate_sensor, motion_sensor"
"_TZE200_cpbo62rn","TS0601","2","climate_sensor, motion_sensor"
"_TZE200_cpmgn2cf","TS0601","2","climate_sensor, thermostat_tuya_dp"
"_tze200_cwbvmsar","TS0601","2","climate_sensor, thermostat_tuya_dp"
"_TZE200_CWNJRR72","TS0601","2","climate_sensor, radiator_valve"
"_TZE200_D0YPNBVN","TS0601","2","climate_sensor, power_clamp_meter"
"_TZE200_d0yu2xgi","TS0601","2","climate_sensor, siren"
"_tze200_D3Z1UKQW","TS0601","2","climate_sensor, radiator_valve"
"_tze200_dcrrztpa","TS0222","2","climate_sensor, motion_sensor"
"_tze200_dcrrztpa","TS0225","2","climate_sensor, motion_sensor"
"_tze200_dcrrztpa","TS0601","2","climate_sensor, motion_sensor"
"_TZE200_DFXKCOTS","TS0601","2","climate_sensor, dimmer_wall_1gang"
"_TZE200_dq1mfjug","TS0601","3","climate_sensor, pet_feeder, smoke_detector_advanced"
"_TZE200_dq8bu0pt","TS0601","2","climate_sensor, curtain_motor"
"_TZE200_dwcarsat","TS0601","4","air_purifier, climate_sensor, formaldehyde_sensor, humidifier"
"_TZE200_dzuqwsyg","TS0601","4","ceiling_fan, climate_sensor, fan_controller, radiator_valve"
"_TZE200_e3oitdyu","TS0601","2","climate_sensor, dimmer_dual_channel"
"_tze200_e9ba97vf","TS0601","2","climate_sensor, radiator_valve"
"_TZE200_EAAC7DKW","TS0601","2","climate_sensor, din_rail_meter"
"_tze200_eegnwoyw","TS0601","2","climate_sensor, curtain_motor"
"_tze200_eqpaxqdv","TS0601","2","climate_sensor, gas_sensor"
"_tze200_f91miyhj","TS0201","2","climate_sensor, plug_energy_monitor"
"_tze200_f91miyhj","TS0601","2","climate_sensor, plug_energy_monitor"
"_TZE200_fctwhugx","TS0601","3","climate_sensor, curtain_motor, curtain_motor_tilt"
"_tze200_fdtjuw7u","TS0601","2","climate_sensor, curtain_motor"
"_TZE200_fjb98hbq","TS0001","2","din_rail_switch, smart_breaker"
"_TZE200_fjb98hbq","TS011F","2","din_rail_switch, smart_breaker"
"_TZE200_fjb98hbq","TS0601","2","din_rail_switch, smart_breaker"
"_TZE200_fqytfymk","TS0601","2","climate_sensor, soil_sensor"
"_tze200_fsow0qsk","TS0601","2","climate_sensor, radiator_valve"
"_TZE200_fzo2pocs","TS0601","2","climate_sensor, curtain_motor"
"_tze200_g2kiyjvf","TS0601","2","climate_sensor, lock_smart"
"_tze200_G9A3AWAJ","TS0601","2","climate_sensor, radiator_valve"
"_TZE200_GA1MAEOF","TS0601","2","climate_sensor, soil_sensor"
"_tze200_gaj531w3","TS0601","2","climate_sensor, curtain_motor"
"_TZE200_GBAGOILO","TS0601","2","climate_sensor, switch_1gang"
"_tze200_ghynnvos","TS0222","2","climate_sensor, motion_sensor"
"_tze200_ghynnvos","TS0225","2","climate_sensor, motion_sensor"
"_tze200_ghynnvos","TS0601","2","climate_sensor, motion_sensor"
"_TZE200_gne0e6mk","TS0601","2","climate_sensor, dimmer_wall_1gang"
"_TZE200_HKDL5FMV","TS0601","2","climate_sensor, smart_breaker"
"_tze200_hl0ss9oa","TS0225","2","climate_sensor, presence_sensor_radar"
"_tze200_hl0ss9oa","TS0601","2","climate_sensor, presence_sensor_radar"
"_TZE200_HOLEL4DK","TS0225","2","climate_sensor, motion_sensor_radar_mmwave"
"_TZE200_HOLEL4DK","TS0601","2","climate_sensor, motion_sensor_radar_mmwave"
"_tze200_htnnfasr","TS0601","2","climate_sensor, water_tank_monitor"
"_tze200_HUE3YFSN","TS0601","2","climate_sensor, radiator_valve"
"_TZE200_HUSQQVUX","TS0601","2","climate_sensor, radiator_valve"
"_TZE200_hvaxb2tc","TS0601","2","climate_sensor, radiator_valve"
"_TZE200_icka1clh","TS0601","2","climate_sensor, curtain_motor"
"_TZE200_ikvncluo","TS0225","2","climate_sensor, presence_sensor_radar"
"_TZE200_ikvncluo","TS0601","2","climate_sensor, presence_sensor_radar"
"_TZE200_iossyxra","TS0601","2","climate_sensor, curtain_motor"
"_TZE200_IP2AKL4W","TS0601","2","climate_sensor, soil_sensor"
"_TZE200_jhkttplm","TS0601","2","climate_sensor, curtain_motor"
"_TZE200_JKFBPH7L","TS0601","2","climate_sensor, radiator_valve"
"_TZE200_JVA8INK8","TS0225","2","climate_sensor, motion_sensor_radar_mmwave"
"_TZE200_JVA8INK8","TS0601","2","climate_sensor, motion_sensor_radar_mmwave"
"_TZE200_K6JHSR0Q","TS0601","2","climate_sensor, pool_pump"
"_tze200_KDS0PMMV","TS0601","2","climate_sensor, radiator_valve"
"_tze200_kds0pqet","TS0601","2","climate_sensor, thermostat_tuya_dp"
"_tze200_la2c2uo9","TS0601","2","climate_sensor, dimmer_wall_1gang"
"_TZE200_LHZAPFG9","TS0601","2","climate_sensor, radiator_valve"
"_TZE200_lllliz3p","TS0601","2","climate_sensor, radiator_valve"
"_TZE200_LNBFNYXD","TS0601","2","climate_sensor, radiator_valve"
"_TZE200_locansqn","TS0601","2","climate_sensor, radiator_controller"
"_tze200_LU01T0ZL","TS0225","2","climate_sensor, motion_sensor_radar_mmwave"
"_tze200_LU01T0ZL","TS0601","2","climate_sensor, motion_sensor_radar_mmwave"
"_TZE200_lvkk0hdg","TS0601","2","climate_sensor, water_tank_monitor"
"_TZE200_lyetpprm","TS0225","2","climate_sensor, motion_sensor_radar_mmwave"
"_TZE200_lyetpprm","TS0601","2","climate_sensor, motion_sensor_radar_mmwave"
"_tze200_M9SKFCTM","TS0601","2","climate_sensor, smoke_detector_advanced"
"_TZE200_mchxve9o","TS0222","2","climate_sensor, motion_sensor"
"_TZE200_mchxve9o","TS0225","2","climate_sensor, motion_sensor"
"_TZE200_mchxve9o","TS0601","2","climate_sensor, motion_sensor"
"_TZE200_me6wtiqs","TS0222","2","climate_sensor, motion_sensor"
"_TZE200_me6wtiqs","TS0225","2","climate_sensor, motion_sensor"
"_TZE200_me6wtiqs","TS0601","2","climate_sensor, motion_sensor"
"_TZE200_mja3fuja","TS0601","3","air_purifier, climate_sensor, humidifier"
"_tze200_mlglxwp3","TS0601","2","climate_sensor, curtain_motor"
"_TZE200_mp902om5","TS0601","2","climate_sensor, smart_heater_controller"
"_tze200_mrf6vtua","TS0225","2","climate_sensor, motion_sensor_radar_mmwave"
"_tze200_mrf6vtua","TS0601","2","climate_sensor, motion_sensor_radar_mmwave"
"_tze200_MUDXCHSU","TS0601","2","climate_sensor, radiator_valve"
"_TZE200_mvtclclq","TS0601","2","climate_sensor, dimmer_wall_1gang"
"_tze200_MYD45WEU","TS0601","2","climate_sensor, soil_sensor"
"_tze200_ne4s6z47","TS0601","2","climate_sensor, lock_smart"
"_TZE200_nhk3bpxq","TS0222","2","climate_sensor, motion_sensor"
"_TZE200_nhk3bpxq","TS0225","2","climate_sensor, motion_sensor"
"_TZE200_nhk3bpxq","TS0601","2","climate_sensor, motion_sensor"
"_TZE200_NKLQJK62","TS0601","2","climate_sensor, garage_door"
"_tze200_nkoabg8w","TS0601","2","climate_sensor, curtain_motor"
"_TZE200_nlrfgpny","TS0601","2","climate_sensor, siren"
"_TZE200_NPJ9BUG3","TS0601","2","climate_sensor, soil_sensor"
"_TZE200_NSLR42TT","TS0601","2","climate_sensor, power_clamp_meter"
"_TZE200_NTCY3XU1","TS0601","2","climate_sensor, smoke_detector_advanced"
"_tze200_nv6nxo0c","TS0601","2","climate_sensor, curtain_motor"
"_TZE200_nw1r9hp6","TS0601","2","climate_sensor, curtain_motor"
"_TZE200_ojzhk75b","TS0601","2","climate_sensor, water_tank_monitor"
"_TZE200_ol5jlkkr","TS0601","2","climate_sensor, curtain_motor"
"_tze200_OW09XLXM","TS0601","2","climate_sensor, radiator_valve"
"_tze200_p3dbf6qs","TS0601","2","climate_sensor, radiator_valve"
"_TZE200_p6vz3wzt","TS0601","2","climate_sensor, curtain_motor"
"_tze200_PAY2BYAX","TS0225","2","climate_sensor, motion_sensor_radar_mmwave"
"_tze200_PAY2BYAX","TS0601","3","climate_sensor, motion_sensor_radar_mmwave, thermostat_tuya_dp"
"_TZE200_PVVBOMMB","TS0601","2","climate_sensor, fingerprint_lock"
"_tze200_pw7mji0l","TS0601","3","climate_sensor, curtain_motor, thermostat_tuya_dp"
"_TZE200_py4cm3he","TS0601","2","climate_sensor, radiator_valve"
"_tze200_r0jdjrvi","TS0601","2","climate_sensor, curtain_motor"
"_TZE200_r32ctezx","TS0601","3","ceiling_fan, climate_sensor, fan_controller"
"_TZE200_rddyvrci","TS0601","2","climate_sensor, curtain_motor"
"_TZE200_RK1WOJCE","TS0601","2","climate_sensor, radiator_valve"
"_TZE200_rks0sgb7","TS0201","2","climate_sensor, plug_energy_monitor"
"_TZE200_rks0sgb7","TS0601","2","climate_sensor, plug_energy_monitor"
"_tze200_RNDG81SF","TS0601","2","climate_sensor, radiator_valve"
"_TZE200_rufdtfyv","TS0601","2","climate_sensor, radiator_valve"
"_tze200_rv6iuyxb","TS0601","2","climate_sensor, radiator_valve"
"_tze200_rxntag7i","TS0601","2","climate_sensor, radiator_valve"
"_TZE200_rxq4iti9","TS0601","2","climate_sensor, radiator_valve"
"_TZE200_RYFMQ5RL","TS0601","2","climate_sensor, formaldehyde_sensor"
"_tze200_s6hzw8g2","TS0222","2","climate_sensor, motion_sensor"
"_tze200_s6hzw8g2","TS0225","2","climate_sensor, motion_sensor"
"_tze200_s6hzw8g2","TS0601","2","climate_sensor, motion_sensor"
"_TZE200_sfiy5tfs","TS0225","2","climate_sensor, motion_sensor_radar_mmwave"
"_TZE200_sfiy5tfs","TS0601","2","climate_sensor, motion_sensor_radar_mmwave"
"_TZE200_sgpeacqp","TS0225","2","climate_sensor, motion_sensor_radar_mmwave"
"_TZE200_sgpeacqp","TS0601","3","climate_sensor, motion_sensor_radar_mmwave, radiator_valve"
"_TZE200_sh1btabb","TS0601","2","valve_single, water_valve_smart"
"_TZE200_SHKXSGIS","TS0601","2","climate_sensor, din_rail_meter"
"_tze200_sur6q7ko","TS0601","2","climate_sensor, radiator_valve"
"_tze200_suxywabt","TS0601","2","climate_sensor, radiator_valve"
"_tze200_t1blo2bj","TS0601","2","climate_sensor, siren"
"_TZE200_T5P1VJ8R","TS0601","2","climate_sensor, smoke_detector_advanced"
"_TZE200_tsxpl0d0","TS0601","2","climate_sensor, dimmer_wall_1gang"
"_TZE200_TTCOVULF","TS0225","2","climate_sensor, motion_sensor_radar_mmwave"
"_TZE200_TTCOVULF","TS0601","2","climate_sensor, motion_sensor_radar_mmwave"
"_TZE200_tyffvoij","TS0225","2","climate_sensor, presence_sensor_radar"
"_TZE200_tyffvoij","TS0601","2","climate_sensor, presence_sensor_radar"
"_TZE200_TZ32MTZA","TS0601","2","climate_sensor, switch_wall_6gang"
"_TZE200_UEBOJRAA","TS0601","2","climate_sensor, smoke_detector_advanced"
"_tze200_uj3f4wr5","TS0601","2","climate_sensor, curtain_motor"
"_tze200_ux8dlkev","TS0601","2","climate_sensor, smoke_detector_advanced"
"_TZE200_v9hkz2y","TS0201","2","climate_sensor, plug_energy_monitor"
"_TZE200_v9hkz2y","TS0601","2","climate_sensor, plug_energy_monitor"
"_TZE200_V9HKZ2YN","TS0601","2","climate_sensor, power_clamp_meter"
"_TZE200_vafd6gkz","TS0601","2","climate_sensor, smoke_detector_advanced"
"_TZE200_ves1ycwx","TS011F","2","din_rail_meter, plug_energy_monitor"
"_tze200_ves1ycwx","TS0201","2","climate_sensor, plug_energy_monitor"
"_tze200_ves1ycwx","TS0601","3","climate_sensor, din_rail_meter, plug_energy_monitor"
"_TZE200_vexa5o82","TS0601","2","climate_sensor, gas_sensor"
"_TZE200_viy9ihs7","TS0601","2","climate_sensor, thermostat_tuya_dp"
"_TZE200_vrjkcam9","TS0601","2","valve_single, water_valve_smart"
"_tze200_VVMBJ46N","TS0601","3","climate_sensor, soil_sensor, thermostat_tuya_dp"
"_TZE200_VZEKYI4C","TS0601","2","climate_sensor, smoke_detector_advanced"
"_TZE200_wbhaespm","TS011F","2","din_rail_meter, smart_breaker"
"_TZE200_WBHAESPM","TS0601","3","climate_sensor, din_rail_meter, smart_breaker"
"_TZE200_WFXUHOEA","TS0601","2","climate_sensor, garage_door"
"_TZE200_wlosfena","TS0601","2","climate_sensor, thermostat_tuya_dp"
"_TZE200_wmcdj3aq","TS0601","3","climate_sensor, curtain_motor, shutter_roller_controller"
"_tze200_wqashyqo","TS0601","2","climate_sensor, soil_sensor"
"_TZE200_wsbfwodu","TS0601","2","climate_sensor, radiator_valve"
"_tze200_WUKB7RHC","TS0225","2","climate_sensor, motion_sensor_radar_mmwave"
"_tze200_WUKB7RHC","TS0601","2","climate_sensor, motion_sensor_radar_mmwave"
"_tze200_x9axofse","TS0601","2","climate_sensor, radiator_valve"
"_tze200_xpq2rzhq","TS0225","2","climate_sensor, motion_sensor_radar_mmwave"
"_tze200_xpq2rzhq","TS0601","2","climate_sensor, motion_sensor_radar_mmwave"
"_TZE200_xq4hgafz","TS0222","2","climate_sensor, motion_sensor"
"_TZE200_xq4hgafz","TS0225","2","climate_sensor, motion_sensor"
"_TZE200_xq4hgafz","TS0601","2","climate_sensor, motion_sensor"
"_tze200_xuzcvlku","TS0601","2","climate_sensor, curtain_motor"
"_TZE200_y4mdop0b","TS0225","2","climate_sensor, presence_sensor_radar"
"_TZE200_y4mdop0b","TS0601","2","climate_sensor, presence_sensor_radar"
"_TZE200_Y8JIJHBA","TS0225","2","climate_sensor, presence_sensor_radar"
"_TZE200_Y8JIJHBA","TS0601","2","climate_sensor, presence_sensor_radar"
"_TZE200_ya4ft0w4","TS0225","2","climate_sensor, presence_sensor_radar"
"_TZE200_ya4ft0w4","TS0601","2","climate_sensor, presence_sensor_radar"
"_TZE200_YH7AOAHI","TS0601","2","climate_sensor, smoke_detector_advanced"
"_tze200_ykgar0ow","TS0601","2","climate_sensor, dimmer_wall_1gang"
"_tze200_yqgbrdyo","TS0601","2","climate_sensor, thermostat_tuya_dp"
"_TZE200_yvx5lh6k","TS0601","2","air_quality_comprehensive, climate_sensor"
"_TZE200_yw7cahqs","TS0601","2","climate_sensor, thermostat_tuya_dp"
"_TZE200_Z1TYSPQW","TS0601","2","climate_sensor, thermostat_tuya_dp"
"_tze200_zah67ekd","TS0601","2","climate_sensor, curtain_motor"
"_tze200_zpzndjez","TS0601","2","climate_sensor, curtain_motor"
"_TZE200_ztc6ggyl","TS0225","3","climate_sensor, motion_sensor_radar_mmwave, presence_sensor_radar"
"_TZE200_ztc6ggyl","TS0601","3","climate_sensor, motion_sensor_radar_mmwave, presence_sensor_radar"
"_TZE200_ztvwu4nk","TS0601","2","climate_sensor, smart_heater_controller"
"_tze200_zxxfv8wi","TS0601","2","climate_sensor, curtain_motor"
"_TZE201_ztc6ggyl","TS0225","2","climate_sensor, motion_sensor_radar_mmwave"
"_TZE201_ztc6ggyl","TS0601","2","climate_sensor, motion_sensor_radar_mmwave"
"_TZE202_ztc6ggyl","TS0225","2","climate_sensor, motion_sensor_radar_mmwave"
"_TZE202_ztc6ggyl","TS0601","2","climate_sensor, motion_sensor_radar_mmwave"
"_TZE203_ztc6ggyl","TS0225","2","climate_sensor, motion_sensor_radar_mmwave"
"_TZE203_ztc6ggyl","TS0601","2","climate_sensor, motion_sensor_radar_mmwave"
"_TZE204_0hcjew5p","TS0601","2","climate_sensor, thermostat_tuya_dp"
"_TZE204_1v1dxkck","TS0601","2","climate_sensor, dimmer_wall_1gang"
"_tze204_2usb_socket","TS0201","2","climate_sensor, plug_energy_monitor"
"_tze204_2usb_socket","TS0601","2","climate_sensor, plug_energy_monitor"
"_TZE204_3T91NB6K","TS0601","2","climate_sensor, fingerprint_lock"
"_tze204_57hjqelq","TS0601","2","climate_sensor, curtain_motor"
"_TZE204_5cuocqty","TS0601","2","climate_sensor, dimmer_wall_1gang"
"_tze204_68utemio","TS0601","2","climate_sensor, dimmer_wall_1gang"
"_TZE204_7bztmfm1","TS0601","2","air_purifier, climate_sensor"
"_TZE204_7GCLUKJS","TS0225","2","climate_sensor, motion_sensor_radar_mmwave"
"_TZE204_7GCLUKJS","TS0601","2","climate_sensor, motion_sensor_radar_mmwave"
"_TZE204_81yrt3lo","TS011F","2","din_rail_meter, plug_energy_monitor"
"_TZE204_81yrt3lo","TS0601","3","din_rail_meter, plug_energy_monitor, power_meter"
"_tze204_8fffc3kb","TS0601","2","climate_sensor, dimmer_wall_1gang"
"_TZE204_9mjy74mp","TS0601","2","climate_sensor, thermostat_tuya_dp"
"_TZE204_a5zyjdpn","TS0601","2","fan_controller, pet_feeder"
"_tze204_ac0fhfiq","TS0201","2","climate_sensor, plug_energy_monitor"
"_tze204_ac0fhfiq","TS0601","2","climate_sensor, plug_energy_monitor"
"_tze204_aoclfnxz","TS0601","4","climate_sensor, radiator_valve, smart_breaker, switch_4gang"
"_TZE204_aqnazj70","TS0001","2","din_rail_switch, smart_breaker"
"_TZE204_aqnazj70","TS011F","2","din_rail_switch, smart_breaker"
"_TZE204_aqnazj70","TS0601","2","din_rail_switch, smart_breaker"
"_tze204_bjzrowv2","TS0601","2","climate_sensor, curtain_motor"
"_TZE204_BKKMQMYO","TS0601","2","climate_sensor, power_clamp_meter"
"_tze204_bxoo2swd","TS0601","3","climate_sensor, dimmer_dual_channel, dimmer_wall_1gang"
"_TZE204_byzdayie","TS0601","2","smart_breaker, smart_rcbo"
"_TZE204_CJBOFHXW","TS0601","2","climate_sensor, din_rail_meter"
"_TZE204_CKUD7U2L","TS0601","2","radiator_valve, smart_heater"
"_tze204_clrdrnya","TS0225","2","climate_sensor, motion_sensor_radar_mmwave"
"_tze204_clrdrnya","TS0601","2","climate_sensor, motion_sensor_radar_mmwave"
"_TZE204_cvcu2p6e","TS0601","2","climate_sensor, thermostat_tuya_dp"
"_TZE204_D0YPNBVN","TS0601","2","climate_sensor, power_clamp_meter"
"_TZE204_dq1mfjug","TS0601","2","pet_feeder, smoke_detector_advanced"
"_TZE204_dtzziy1e","TS0225","2","climate_sensor, motion_sensor_radar_mmwave"
"_TZE204_dtzziy1e","TS0601","2","climate_sensor, motion_sensor_radar_mmwave"
"_TZE204_dwcarsat","TS0601","3","air_purifier, climate_sensor, humidifier"
"_TZE204_DZUQWSYG","TS0601","2","climate_sensor, fan_controller"
"_tze204_e5m9c5hl","TS0225","2","climate_sensor, motion_sensor_radar_mmwave"
"_tze204_e5m9c5hl","TS0601","2","climate_sensor, motion_sensor_radar_mmwave"
"_TZE204_eekpf0ft","TS0601","2","climate_sensor, radiator_valve"
"_TZE204_fjb98hbq","TS0001","2","din_rail_switch, smart_breaker"
"_TZE204_fjb98hbq","TS011F","2","din_rail_switch, smart_breaker"
"_TZE204_fjb98hbq","TS0601","2","din_rail_switch, smart_breaker"
"_tze204_fwondbzy","TS0225","2","climate_sensor, motion_sensor_radar_mmwave"
"_tze204_fwondbzy","TS0601","2","climate_sensor, motion_sensor_radar_mmwave"
"_TZE204_GOPS3SLB","TS0601","2","climate_sensor, thermostat_tuya_dp"
"_TZE204_guvc7pdy","TS0601","3","climate_sensor, curtain_motor, shutter_roller_controller"
"_TZE204_hkdl5fmv","TS0601","2","smart_breaker, smart_rcbo"
"_TZE204_HLX9TNZB","TS0601","2","climate_sensor, dimmer_wall_1gang"
"_TZE204_iaeejhvf","TS0225","2","motion_sensor_radar_mmwave, presence_sensor_radar"
"_TZE204_iaeejhvf","TS0601","2","motion_sensor_radar_mmwave, presence_sensor_radar"
"_TZE204_ijxvkhd0","TS0225","2","climate_sensor, motion_sensor_radar_mmwave"
"_TZE204_ijxvkhd0","TS0601","2","climate_sensor, motion_sensor_radar_mmwave"
"_tze204_ikvncluo","TS0225","2","climate_sensor, presence_sensor_radar"
"_tze204_ikvncluo","TS0601","2","climate_sensor, presence_sensor_radar"
"_TZE204_jktmrpoj","TS0601","2","climate_sensor, contact_sensor"
"_tze204_kgaxpvxr","TS0601","2","climate_sensor, smoke_detector_advanced"
"_tze204_la2c2uo9","TS0601","2","climate_sensor, dimmer_wall_1gang"
"_TZE204_lbbg34rj","TS0225","2","climate_sensor, motion_sensor_radar_mmwave"
"_TZE204_lbbg34rj","TS0601","2","climate_sensor, motion_sensor_radar_mmwave"
"_tze204_lh3arisb","TS0601","2","climate_sensor, curtain_motor"
"_TZE204_LZRIUP1J","TS0601","2","climate_sensor, din_rail_meter"
"_TZE204_mchxve9o","TS0222","2","climate_sensor, motion_sensor"
"_TZE204_mchxve9o","TS0225","2","climate_sensor, motion_sensor"
"_TZE204_mchxve9o","TS0601","2","climate_sensor, motion_sensor"
"_TZE204_mja3fuja","TS0601","2","air_purifier, humidifier"
"_tze204_MTOARYRE","TS0225","2","climate_sensor, presence_sensor_radar"
"_tze204_MTOARYRE","TS0601","2","climate_sensor, presence_sensor_radar"
"_TZE204_MYD45WEU","TS0601","2","climate_sensor, soil_sensor"
"_tze204_n8dljorx","TS0222","2","climate_sensor, motion_sensor"
"_tze204_n8dljorx","TS0225","2","climate_sensor, motion_sensor"
"_tze204_n8dljorx","TS0601","2","climate_sensor, motion_sensor"
"_tze204_nklqjk62","TS0601","3","climate_sensor, door_controller, garage_door"
"_TZE204_nlrfgpny","TS0601","2","climate_sensor, siren"
"_TZE204_no6qtgtl","TS0225","2","climate_sensor, presence_sensor_radar"
"_TZE204_no6qtgtl","TS0601","2","climate_sensor, presence_sensor_radar"
"_TZE204_nqqylykc","TS0601","2","climate_sensor, dimmer_wall_1gang"
"_TZE204_NSLR42TT","TS0601","2","energy_meter_3phase, power_clamp_meter"
"_tze204_NTCY3XU1","TS0601","2","climate_sensor, smoke_detector_advanced"
"_TZE204_O3X45P96","TS0601","2","climate_sensor, radiator_valve"
"_TZE204_OJTQAWAV","TS0601","2","climate_sensor, radiator_valve"
"_TZE204_pfayrzcw","TS0225","2","climate_sensor, motion_sensor_radar_mmwave"
"_TZE204_pfayrzcw","TS0601","2","climate_sensor, motion_sensor_radar_mmwave"
"_tze204_QASJIF9E","TS0225","3","climate_sensor, motion_sensor_radar_mmwave, presence_sensor_radar"
"_tze204_QASJIF9E","TS0601","3","climate_sensor, motion_sensor_radar_mmwave, presence_sensor_radar"
"_tze204_qyr2m29i","TS0601","2","climate_sensor, radiator_valve"
"_tze204_r0jdjrvi","TS0225","2","climate_sensor, presence_sensor_radar"
"_tze204_r0jdjrvi","TS0601","2","climate_sensor, presence_sensor_radar"
"_TZE204_r32ctezx","TS0601","3","ceiling_fan, climate_sensor, fan_controller"
"_tze204_rrbcyh1f","TS0601","2","climate_sensor, lock_smart"
"_tze204_rtrmfadk","TS0601","2","climate_sensor, thermostat_tuya_dp"
"_TZE204_sbyx0lm6","TS0225","2","climate_sensor, motion_sensor_radar_mmwave"
"_TZE204_sbyx0lm6","TS0601","2","climate_sensor, motion_sensor_radar_mmwave"
"_TZE204_SHKXSGIS","TS0601","2","climate_sensor, din_rail_meter"
"_TZE204_SXM7L9XA","TS0225","3","climate_sensor, motion_sensor_radar_mmwave, presence_sensor_radar"
"_TZE204_SXM7L9XA","TS0601","3","climate_sensor, motion_sensor_radar_mmwave, presence_sensor_radar"
"_TZE204_t1blo2bj","TS0601","2","climate_sensor, siren"
"_TZE204_uxllnywp","TS0225","2","climate_sensor, motion_sensor_radar_mmwave"
"_TZE204_uxllnywp","TS0601","2","climate_sensor, motion_sensor_radar_mmwave"
"_TZE204_V9HKZ2YN","TS0601","2","climate_sensor, power_clamp_meter"
"_tze204_vafd6gkz","TS0601","2","climate_sensor, smoke_detector_advanced"
"_TZE204_ves1ycwx","TS011F","2","din_rail_meter, plug_energy_monitor"
"_TZE204_ves1ycwx","TS0201","2","climate_sensor, plug_energy_monitor"
"_TZE204_ves1ycwx","TS0601","3","climate_sensor, din_rail_meter, plug_energy_monitor"
"_tze204_vjpaih9f","TS0601","2","climate_sensor, thermostat_tuya_dp"
"_TZE204_vvvtcehj","TS0601","2","climate_sensor, curtain_motor"
"_TZE204_wbhaespm","TS011F","2","din_rail_meter, smart_breaker"
"_TZE204_WBHAESPM","TS0601","3","climate_sensor, din_rail_meter, smart_breaker"
"_TZE204_WFXUHOEA","TS0601","2","climate_sensor, garage_door"
"_tze204_xibaabmu","TS0601","2","climate_sensor, switch_4gang"
"_tze204_xnbkhhdr","TS0601","2","climate_sensor, thermostat_tuya_dp"
"_TZE204_XSM7L9XA","TS0225","2","climate_sensor, motion_sensor_radar_mmwave"
"_TZE204_XSM7L9XA","TS0601","2","climate_sensor, motion_sensor_radar_mmwave"
"_TZE204_XU4A5RHJ","TS0601","2","climate_sensor, curtain_motor"
"_tze204_ycke4deo","TS0601","2","climate_sensor, curtain_motor"
"_TZE204_yensya2c","TS0225","2","climate_sensor, motion_sensor_radar_mmwave"
"_TZE204_yensya2c","TS0601","2","climate_sensor, motion_sensor_radar_mmwave"
"_tze204_ZENJ4LXV","TS0601","3","climate_sensor, dimmer_dual_channel, dimmer_wall_1gang"
"_tze204_ZNVWZXKQ","TS0601","2","climate_sensor, dimmer_wall_1gang"
"_TZE204_ZTC6GGYL","TS0225","2","climate_sensor, motion_sensor_radar_mmwave"
"_TZE204_ZTC6GGYL","TS0601","2","climate_sensor, motion_sensor_radar_mmwave"
"_TZE204_ztqnh5cg","TS0225","3","climate_sensor, motion_sensor_radar_mmwave, presence_sensor_radar"
"_TZE204_ztqnh5cg","TS0601","3","climate_sensor, motion_sensor_radar_mmwave, presence_sensor_radar"
"_tze204_zuq5xxib","TS0601","2","climate_sensor, curtain_motor"
"_tze210_m6lwazh9","TS0601","2","climate_sensor, gas_sensor"
"_TZE284_0wfzacel","TS0225","2","climate_sensor, motion_sensor_radar_mmwave"
"_TZE284_0wfzacel","TS0601","2","climate_sensor, motion_sensor_radar_mmwave"
"_tze284_0zaf1cr8","TS0601","2","climate_sensor, smoke_detector_advanced"
"_tze284_0zse7xqg","TS0222","2","climate_sensor, motion_sensor"
"_tze284_0zse7xqg","TS0225","2","climate_sensor, motion_sensor"
"_tze284_0zse7xqg","TS0601","2","climate_sensor, motion_sensor"
"_TZE284_2se8efxh","TS0601","2","climate_sensor, soil_sensor"
"_tze284_4qznlkbu","TS0225","2","climate_sensor, motion_sensor_radar_mmwave"
"_tze284_4qznlkbu","TS0601","2","climate_sensor, motion_sensor_radar_mmwave"
"_tze284_5cuocqty","TS0201","2","climate_sensor, plug_energy_monitor"
"_tze284_5cuocqty","TS0601","2","climate_sensor, plug_energy_monitor"
"_tze284_6ycgarab","TS0601","2","climate_sensor, smoke_detector_advanced"
"_tze284_81yrt3lo","TS0201","2","climate_sensor, plug_energy_monitor"
"_tze284_81yrt3lo","TS0601","2","climate_sensor, plug_energy_monitor"
"_tze284_8se38w3c","TS0601","2","climate_sensor, radiator_valve"
"_tze284_9qhuzgo0","TS0601","2","climate_sensor, switch_1gang"
"_tze284_AAO3YZHS","TS0601","2","climate_sensor, soil_sensor"
"_tze284_ahwvlkpy","TS0201","2","climate_sensor, plug_energy_monitor"
"_tze284_ahwvlkpy","TS0601","2","climate_sensor, plug_energy_monitor"
"_TZE284_aoclfnxz","TS0601","2","climate_sensor, thermostat_tuya_dp"
"_TZE284_bjzrowv2","TS0201","2","climate_sensor, plug_energy_monitor"
"_TZE284_bjzrowv2","TS0601","2","climate_sensor, plug_energy_monitor"
"_tze284_c6wv4xyo","TS0601","2","climate_sensor, radiator_valve"
"_TZE284_cjbofhxw","TS0201","2","climate_sensor, plug_energy_monitor"
"_TZE284_cjbofhxw","TS0601","2","climate_sensor, plug_energy_monitor"
"_TZE284_clm4gdw4","TS0601","2","climate_sensor, gas_sensor"
"_TZE284_dapwryy7","TS0201","2","climate_sensor, plug_energy_monitor"
"_TZE284_dapwryy7","TS0601","2","climate_sensor, plug_energy_monitor"
"_tze284_dcnsggvz","TS0201","2","climate_sensor, plug_energy_monitor"
"_tze284_dcnsggvz","TS0601","2","climate_sensor, plug_energy_monitor"
"_TZE284_fwondbzy","TS0225","2","climate_sensor, motion_sensor_radar_mmwave"
"_TZE284_fwondbzy","TS0601","2","climate_sensor, motion_sensor_radar_mmwave"
"_TZE284_G2E6CPNW","TS0601","2","climate_sensor, soil_sensor"
"_tze284_gaj531w3","TS0601","2","climate_sensor, radiator_valve"
"_tze284_gops3slb","TS0601","2","climate_sensor, thermostat_tuya_dp"
"_TZE284_gyzlwu5q","TS0601","2","climate_sensor, smoke_detector_advanced"
"_TZE284_hlx9tnzb","TS0601","2","climate_sensor, switch_1gang"
"_TZE284_iilebqoo","TS0601","2","climate_sensor, rain_sensor"
"_tze284_koxaopnk","TS0601","2","climate_sensor, curtain_motor"
"_tze284_ltwbm23f","TS0601","2","climate_sensor, thermostat_tuya_dp"
"_tze284_mgstdyz3","TS0601","2","climate_sensor, lock_smart"
"_TZE284_mrf6vtua","TS0222","2","climate_sensor, motion_sensor"
"_TZE284_mrf6vtua","TS0225","2","climate_sensor, motion_sensor"
"_TZE284_mrf6vtua","TS0601","2","climate_sensor, motion_sensor"
"_tze284_myd45weu","TS0601","2","climate_sensor, soil_sensor"
"_tze284_n4ttsck2","TS0601","2","climate_sensor, smoke_detector_advanced"
"_TZE284_n5q2t8na","TS0225","2","climate_sensor, presence_sensor_radar"
"_TZE284_n5q2t8na","TS0601","2","climate_sensor, presence_sensor_radar"
"_tze284_n9ctkb6j","TS0601","2","climate_sensor, switch_1gang"
"_tze284_nklqjk62","TS0601","2","climate_sensor, contact_sensor"
"_TZE284_nlrfgpny","TS0601","2","climate_sensor, siren"
"_tze284_O3X45P96","TS0601","2","climate_sensor, radiator_valve"
"_tze284_rv6iuyxb","TS0601","2","climate_sensor, radiator_valve"
"_TZE284_SGABHWA6","TS0601","2","climate_sensor, soil_sensor"
"_TZE284_uqfph8ah","TS0601","2","climate_sensor, curtain_motor"
"_tze284_xibaabmu","TS0601","2","climate_sensor, switch_4gang"
"_TZE284_ZNVWZXKQ","TS0601","2","climate_sensor, dimmer_wall_1gang"
"_tze284_zy6wjm01","TS0225","2","climate_sensor, motion_sensor_radar_mmwave"
"_tze284_zy6wjm01","TS0601","2","climate_sensor, motion_sensor_radar_mmwave"
"_tze600_ogyg1y6b","TS0601","2","climate_sensor, curtain_motor"
"EARU","TS0001","2","din_rail_switch, smart_breaker"
"EARU","TS011F","2","din_rail_switch, smart_breaker"
"EARU","TS0601","2","din_rail_switch, smart_breaker"
"eWeLink","TS0001","2","module_mini_switch, plug_smart"
"eWeLink","TS0201","2","climate_sensor, temphumidsensor"
"eWeLink","TS0210","2","contact_sensor, motion_sensor"
"eWeLink","TS0222","2","climate_sensor, motion_sensor"
"eWeLink","TS0225","3","climate_sensor, motion_sensor, presence_sensor_radar"
"eWeLink","TS0601","10","button_wireless_1, climate_sensor, contact_sensor, curtain_motor, motion_sensor, plug_smart, presence_sensor_radar, radiator_valve, water_leak_sensor, water_valve_smart"
"HOBEIAN","TS0210","2","contact_sensor, motion_sensor"
"HOBEIAN","TS0225","2","motion_sensor, presence_sensor_radar"
"HOBEIAN","TS0601","6","button_wireless_1, contact_sensor, motion_sensor, presence_sensor_radar, soil_sensor, water_leak_sensor"
"MatSeePlus","TS0001","2","din_rail_switch, smart_breaker"
"MatSeePlus","TS011F","4","din_rail_meter, din_rail_switch, plug_energy_monitor, smart_breaker"
"MatSeePlus","TS0601","4","din_rail_meter, din_rail_switch, plug_energy_monitor, smart_breaker"
"MOES","TS0601","7","air_purifier, fan_controller, fingerprint_lock, garage_door, humidifier, scene_switch_4, thermostat_tuya_dp"
"SONOFF","TS0001","2","module_mini_switch, plug_smart"
"SONOFF","TS0210","2","contact_sensor, motion_sensor"
"SONOFF","TS0222","2","climate_sensor, motion_sensor"
"SONOFF","TS0225","3","climate_sensor, motion_sensor, presence_sensor_radar"
"SONOFF","TS0601","10","button_wireless_1, climate_sensor, contact_sensor, curtain_motor, motion_sensor, plug_smart, presence_sensor_radar, radiator_valve, water_leak_sensor, water_valve_smart"
"TOMZN","TS0001","2","din_rail_switch, smart_breaker"
"TOMZN","TS011F","3","din_rail_meter, din_rail_switch, smart_breaker"
"TOMZN","TS0601","4","din_rail_meter, din_rail_switch, power_clamp_meter, smart_breaker"
"Tongou","TS0601","2","din_rail_switch, power_clamp_meter"
"Tuya","TS0001","2","garage_door, pool_pump"
"Tuya","TS011F","2","din_rail_meter, pool_pump"
"Tuya","TS0601","9","air_purifier, din_rail_meter, fan_controller, fingerprint_lock, garage_door, humidifier, pet_feeder, pool_pump, power_clamp_meter"
"ZG-102Z","TS0222","2","climate_sensor, motion_sensor"
"ZG-102Z","TS0225","2","climate_sensor, motion_sensor"
"ZG-102Z","TS0601","2","climate_sensor, motion_sensor"
"ZG-102ZM","TS0601","2","climate_sensor, vibration_sensor"
"ZG-204Z","TS0222","2","climate_sensor, motion_sensor"
"ZG-204Z","TS0225","2","climate_sensor, motion_sensor"
"ZG-204Z","TS0601","2","climate_sensor, motion_sensor"
"ZG-204ZH","TS0225","2","climate_sensor, presence_sensor_radar"
"ZG-204ZH","TS0601","2","climate_sensor, presence_sensor_radar"
"ZG-204ZK","TS0225","2","climate_sensor, presence_sensor_radar"
"ZG-204ZK","TS0601","2","climate_sensor, presence_sensor_radar"
"ZG-204ZM","TS0225","2","climate_sensor, presence_sensor_radar"
"ZG-204ZM","TS0601","2","climate_sensor, presence_sensor_radar"
"ZG-204ZV","TS0225","2","climate_sensor, presence_sensor_radar"
"ZG-204ZV","TS0601","2","climate_sensor, presence_sensor_radar"
"ZG-222Z","TS0601","2","climate_sensor, water_leak_sensor"
"ZG-223Z","TS0601","2","climate_sensor, water_leak_sensor"
